signal_date,code,name,close,vol_sigma,sentiment,insight
2025-03-18,051160,지어소프트,9430.0,55.457992385038125,📉 매도 우위,단기 과열권 도달 (고점 경고)
2025-03-18,039560,다산네트웍스,2995.0,5.361793783334018,📈 매수 우위,과매도 구간 기술적 반등 기대
2025-03-18,035000,HS애드,6700.0,3.3596267055428446,📈 매수 우위,과매도 구간 기술적 반등 기대
2025-03-18,171090,선익시스템,45500.0,2.752547104890243,📈 매수 우위,과매도 구간 기술적 반등 기대
2025-03-19,246710,티앤알바이오팹,3985.0,10.1856191151818,📉 매도 우위,단기 과열권 도달 (고점 경고)
2025-03-19,024850,HLB이노베이션,2265.0,4.251136502019892,📈 매수 우위,과매도 구간 기술적 반등 기대
2025-03-19,271980,제일약품,12380.0,2.78911722000357,📈 매수 우위,과매도 구간 기술적 반등 기대
2025-03-19,352480,씨앤씨인터내셔널,41800.0,3.101181034392321,📈 매수 우위,과매도 구간 기술적 반등 기대
2025-03-19,049520,유아이엘,4330.0,2.672681469775789,📈 매수 우위,과매도 구간 기술적 반등 기대
2025-03-20,363280,티와이홀딩스,2485.0,92.14865456196264,📉 매도 우위,단기 과열권 도달 (고점 경고)
2025-03-20,002020,코오롱,25050.0,4.810707413749697,📈 매수 우위,과매도 구간 기술적 반등 기대
2025-03-20,102940,코오롱생명과학,30650.0,3.9088518389240137,📈 매수 우위,과매도 구간 기술적 반등 기대
2025-03-21,321550,티움바이오,3445.0,9.222588495219467,📉 매도 우위,단기 과열권 도달 (고점 경고)
2025-03-21,000660,SK하이닉스,215500.0,1.1316437113457023,📈 매수 우위,대형주 추세 눌림목 (Silent Titan)
2025-03-21,278650,HLB바이오스텝,1740.0,4.870032888213383,📈 매수 우위,과매도 구간 기술적 반등 기대
2025-03-21,066570,LG전자,83400.0,0.3139995010047374,📈 매수 우위,대형주 추세 눌림목 (Silent Titan)
2025-03-21,046210,HLB파나진,2035.0,9.12255845234794,📈 매수 우위,과매도 구간 기술적 반등 기대
2025-03-24,261200,덴티스,7730.0,132.50294682185017,📉 매도 우위,단기 과열권 도달 (고점 경고)
2025-03-24,000270,기아,98700.0,0.5983336024265322,📈 매수 우위,대형주 추세 눌림목 (Silent Titan)
2025-03-24,149980,하이로닉,5380.0,4.9593031133518695,📈 매수 우위,과매도 구간 기술적 반등 기대
2025-03-24,174900,앱클론,7490.0,5.845245821249844,📈 매수 우위,과매도 구간 기술적 반등 기대
2025-03-24,335890,비올,7420.0,6.0424152944164975,📈 매수 우위,과매도 구간 기술적 반등 기대
2025-03-25,382480,지아이텍,2620.0,288.7730839063606,📉 매도 우위,단기 과열권 도달 (고점 경고)
2025-03-25,000270,기아,100800.0,0.5819249670047871,📈 매수 우위,대형주 추세 눌림목 (Silent Titan)
2025-03-25,003540,대신증권,16150.0,5.720858799900588,📈 매수 우위,과매도 구간 기술적 반등 기대
2025-03-25,067630,HLB생명과학,6860.0,3.4814649778862976,📈 매수 우위,낙폭 과대 우량주 저점 매수
2025-03-25,010040,한국내화,2085.0,6.980021675961798,📈 매수 우위,과매도 구간 기술적 반등 기대
2025-03-26,025820,이구산업,5930.0,36.72471215538656,📉 매도 우위,단기 과열권 도달 (고점 경고)
2025-03-26,005380,현대차,222000.0,1.4936023672007577,📈 매수 우위,대형주 추세 눌림목 (Silent Titan)
2025-03-26,049430,코메론,10220.0,6.426900158965265,📈 매수 우위,과매도 구간 기술적 반등 기대
2025-03-26,012330,현대모비스,285500.0,0.0898447673849704,📈 매수 우위,대형주 추세 눌림목 (Silent Titan)
2025-03-26,029780,삼성카드,41100.0,5.172800305362431,📈 매수 우위,과매도 구간 기술적 반등 기대
2025-03-27,084690,대상홀딩스,12970.0,27.593278078166374,📉 매도 우위,단기 과열권 도달 (고점 경고)
2025-03-27,005930,삼성전자,61800.0,0.2422653807807982,📈 매수 우위,대형주 추세 눌림목 (Silent Titan)
2025-03-27,067390,아스트,620.0,4.3958722672766655,📈 매수 우위,과매도 구간 기술적 반등 기대
2025-03-27,204320,HL만도,39700.0,1.6230938626986715,📈 매수 우위,낙폭 과대 우량주 저점 매수
2025-03-27,005380,현대차,212500.0,0.7505237232485409,📈 매수 우위,대형주 추세 눌림목 (Silent Titan)
2025-03-28,256940,케이피에스,10850.0,14.227844518819396,📉 매도 우위,단기 과열권 도달 (고점 경고)
2025-03-28,003000,부광약품,3900.0,8.14346382574038,📈 매수 우위,과매도 구간 기술적 반등 기대
2025-03-28,024110,기업은행,14540.0,2.313939018127172,📈 매수 우위,낙폭 과대 우량주 저점 매수
2025-03-28,014470,부방,1747.0,2.5274101275016503,📈 매수 우위,과매도 구간 기술적 반등 기대
2025-03-28,093240,형지엘리트,2345.0,3.371130055459634,📈 매수 우위,과매도 구간 기술적 반등 기대
2025-03-31,096240,크레버스,13680.0,5.312498459293236,📈 매수 우위,과매도 구간 기술적 반등 기대
2025-03-31,034730,SK,129600.0,3.041160129393309,📈 매수 우위,낙폭 과대 우량주 저점 매수
2025-03-31,065510,휴비츠,7180.0,7.811935891580916,📈 매수 우위,과매도 구간 기술적 반등 기대
2025-03-31,090430,아모레퍼시픽,101400.0,1.1998287005267134,📈 매수 우위,낙폭 과대 우량주 저점 매수
2025-03-31,053350,이니텍,9330.0,2.726318669632965,📈 매수 우위,과매도 구간 기술적 반등 기대
2025-04-01,063160,종근당바이오,23300.0,25.397677265147237,📉 매도 우위,단기 과열권 도달 (고점 경고)
2025-04-01,003690,코리안리,7800.0,2.783654682698689,📈 매수 우위,과매도 구간 기술적 반등 기대
2025-04-02,065500,오리엔트정공,15890.0,9.239412290988788,📉 매도 우위,단기 과열권 도달 (고점 경고)
2025-04-02,224110,에이텍모빌리티,21050.0,6.057032660991084,📈 매수 우위,과매도 구간 기술적 반등 기대
2025-04-03,014470,부방,2250.0,33.3467774025144,📉 매도 우위,단기 과열권 도달 (고점 경고)
2025-04-03,013890,지누스,17300.0,4.738210214702092,📈 매수 우위,과매도 구간 기술적 반등 기대
2025-04-03,178320,서진시스템,19450.0,3.0181448097188754,📈 매수 우위,낙폭 과대 우량주 저점 매수
2025-04-03,048910,대원미디어,9440.0,5.442002861511267,📈 매수 우위,과매도 구간 기술적 반등 기대
2025-04-03,035250,강원랜드,15520.0,2.090510052215333,📈 매수 우위,낙폭 과대 우량주 저점 매수
2025-04-04,053800,안랩,93900.0,45.15381881040771,📉 매도 우위,단기 과열권 도달 (고점 경고)
2025-04-04,224110,에이텍모빌리티,18000.0,5.427358165929008,📈 매수 우위,과매도 구간 기술적 반등 기대
2025-04-04,013360,일성건설,3535.0,4.34359198411204,📈 매수 우위,낙폭 과대 우량주 저점 매수
2025-04-04,035150,백산,13320.0,6.962531218610188,📈 매수 우위,과매도 구간 기술적 반등 기대
2025-04-04,050960,수산아이앤티,15470.0,4.065354520596116,📈 매수 우위,과매도 구간 기술적 반등 기대
2025-04-07,020710,시공테크,4725.0,20.540822034837912,📉 매도 우위,단기 과열권 도달 (고점 경고)
2025-04-07,382800,지앤비에스 에코,3020.0,2.703142455878352,📈 매수 우위,과매도 구간 기술적 반등 기대
2025-04-07,039490,키움증권,109200.0,1.2971155893474309,📈 매수 우위,낙폭 과대 우량주 저점 매수
2025-04-07,052260,현대바이오랜드,3905.0,3.393912969603285,📈 매수 우위,과매도 구간 기술적 반등 기대
2025-04-07,071050,한국금융지주,68200.0,1.7172224355618706,📈 매수 우위,낙폭 과대 우량주 저점 매수
2025-04-08,004980,성신양회,8260.0,48.9786840774178,📉 매도 우위,단기 과열권 도달 (고점 경고)
2025-04-08,025550,한국선재,4905.0,3.001600191893393,📈 매수 우위,과매도 구간 기술적 반등 기대
2025-04-08,013990,아가방컴퍼니,7600.0,2.509023274261041,📈 매수 우위,과매도 구간 기술적 반등 기대
2025-04-08,003100,선광,14860.0,10.930164086291672,📈 매수 우위,과매도 구간 기술적 반등 기대
2025-04-09,013580,계룡건설,23900.0,26.4549518612026,📉 매도 우위,단기 과열권 도달 (고점 경고)
2025-04-09,205500,넥써쓰,2100.0,46.9244221464952,📈 매수 우위,과매도 구간 기술적 반등 기대
2025-04-09,071050,한국금융지주,65400.0,1.0674320745343808,📈 매수 우위,낙폭 과대 우량주 저점 매수
2025-04-09,144510,지씨셀,17120.0,2.8441542538678206,📈 매수 우위,과매도 구간 기술적 반등 기대
2025-04-09,011150,CJ씨푸드,2990.0,3.498763736911262,📈 매수 우위,과매도 구간 기술적 반등 기대
2025-04-10,448280,에코아이,24350.0,31.24151548742896,📉 매도 우위,단기 과열권 도달 (고점 경고)
2025-04-11,097950,CJ제일제당,231500.0,1.67736440351816,📈 매수 우위,낙폭 과대 우량주 저점 매수
2025-04-11,240810,원익IPS,21750.0,2.097877720938412,📈 매수 우위,낙폭 과대 우량주 저점 매수
2025-04-14,002780,진흥기업,714.0,4.660956577476028,📈 매수 우위,과매도 구간 기술적 반등 기대
2025-04-14,006370,대구백화점,8440.0,2.9499490512300435,📈 매수 우위,과매도 구간 기술적 반등 기대
2025-04-14,001460,BYC,26250.0,5.254239011203717,📈 매수 우위,과매도 구간 기술적 반등 기대
2025-04-15,004140,동방,2600.0,35.3181148249113,📉 매도 우위,단기 과열권 도달 (고점 경고)
2025-04-15,002030,아세아,265000.0,4.768410607721839,📈 매수 우위,과매도 구간 기술적 반등 기대
2025-04-16,038540,상상인,2395.0,50.117427302938125,📉 매도 우위,단기 과열권 도달 (고점 경고)
2025-04-16,339770,교촌에프앤비,5560.0,2.8699644607328088,📈 매수 우위,과매도 구간 기술적 반등 기대
2025-04-16,051980,중앙첨단소재,5140.0,2.2895736025008566,📈 매수 우위,낙폭 과대 우량주 저점 매수
2025-04-17,018000,유니슨,1183.0,17.538148563212886,📉 매도 우위,단기 과열권 도달 (고점 경고)
2025-04-17,048870,시너지이노베이션,3350.0,175.9497316114236,📈 매수 우위,과매도 구간 기술적 반등 기대
2025-04-17,038540,상상인,2105.0,3.363722894859052,📈 매수 우위,과매도 구간 기술적 반등 기대
2025-04-17,001790,대한제당,3610.0,18.89230233108301,📈 매수 우위,과매도 구간 기술적 반등 기대
2025-04-17,004650,창해에탄올,9820.0,3.283143064518183,📈 매수 우위,과매도 구간 기술적 반등 기대
2025-04-18,004980,성신양회,9260.0,22.22350095919224,📉 매도 우위,단기 과열권 도달 (고점 경고)
2025-04-18,002210,동성제약,3810.0,8.197562592988445,📈 매수 우위,과매도 구간 기술적 반등 기대
2025-04-18,207760,미스터블루,1395.0,4.676912453787462,📈 매수 우위,과매도 구간 기술적 반등 기대
2025-04-18,138610,나이벡,21300.0,2.6064556019023053,📈 매수 우위,과매도 구간 기술적 반등 기대
2025-04-18,005990,매일홀딩스,9690.0,14.208792146451389,📈 매수 우위,과매도 구간 기술적 반등 기대
2025-04-21,289080,SV인베스트먼트,1874.0,31.568395751968037,📉 매도 우위,단기 과열권 도달 (고점 경고)
2025-04-21,289220,자이언트스텝,5520.0,5.834661470414215,📈 매수 우위,과매도 구간 기술적 반등 기대
2025-04-21,033230,인성정보,2445.0,4.70018326388364,📈 매수 우위,과매도 구간 기술적 반등 기대
2025-04-22,038110,에코플라스틱,3080.0,54.901129692162726,📉 매도 우위,단기 과열권 도달 (고점 경고)
2025-04-22,307930,컴퍼니케이,6710.0,6.911757871034091,📈 매수 우위,과매도 구간 기술적 반등 기대
2025-04-22,002800,신신제약,6700.0,3.638425714648206,📈 매수 우위,과매도 구간 기술적 반등 기대
2025-04-22,100790,미래에셋벤처투자,5250.0,5.242553490891491,📈 매수 우위,과매도 구간 기술적 반등 기대
2025-04-22,192440,슈피겐코리아,24900.0,2.7912289284944127,📈 매수 우위,과매도 구간 기술적 반등 기대
2025-04-23,041960,코미팜,6310.0,21.467328456642285,📉 매도 우위,단기 과열권 도달 (고점 경고)
2025-04-23,083420,그린케미칼,8360.0,3.47471381955635,📈 매수 우위,과매도 구간 기술적 반등 기대
2025-04-23,142210,유니트론텍,6050.0,10.957850868052503,📈 매수 우위,과매도 구간 기술적 반등 기대
2025-04-23,289220,자이언트스텝,6630.0,4.018092239545874,📈 매수 우위,과매도 구간 기술적 반등 기대
2025-04-23,453450,그리드위즈,18750.0,5.193290550068051,📈 매수 우위,과매도 구간 기술적 반등 기대
2025-04-24,035510,신세계 I&C,14980.0,90.50035667304115,📉 매도 우위,단기 과열권 도달 (고점 경고)
2025-04-24,038460,바이오스마트,3735.0,4.994749908661572,📈 매수 우위,과매도 구간 기술적 반등 기대
2025-04-24,067280,멀티캠퍼스,32250.0,7.781024781130053,📈 매수 우위,과매도 구간 기술적 반등 기대
2025-04-24,215600,신라젠,3860.0,5.924618710997579,📈 매수 우위,과매도 구간 기술적 반등 기대
2025-04-25,089850,유비벨록스,7170.0,354.0887796526043,📉 매도 우위,단기 과열권 도달 (고점 경고)
2025-04-25,055550,신한지주,49750.0,0.7706335343040914,📈 매수 우위,대형주 추세 눌림목 (Silent Titan)
2025-04-25,002210,동성제약,3500.0,6.239446697792455,📈 매수 우위,과매도 구간 기술적 반등 기대
2025-04-25,010060,OCI홀딩스,68100.0,1.6472068752048925,📈 매수 우위,낙폭 과대 우량주 저점 매수
2025-04-25,195940,HK이노엔,43650.0,13.444917959749583,📈 매수 우위,과매도 구간 기술적 반등 기대
2025-04-28,393890,더블유씨피,10460.0,12.070438002108958,📉 매도 우위,단기 과열권 도달 (고점 경고)
2025-04-28,007340,DN오토모티브,21100.0,3.422356517450606,📈 매수 우위,과매도 구간 기술적 반등 기대
2025-04-28,017670,SK텔레콤,53900.0,12.746785030794957,📈 매수 우위,낙폭 과대 우량주 저점 매수
2025-04-28,216080,제테마,7290.0,14.137743433282306,📈 매수 우위,과매도 구간 기술적 반등 기대
2025-04-28,161000,애경케미칼,9950.0,5.377662039014036,📈 매수 우위,과매도 구간 기술적 반등 기대
2025-04-29,101140,인바이오젠,13550.0,15.333489158715697,📉 매도 우위,단기 과열권 도달 (고점 경고)
2025-04-29,015760,한국전력,25700.0,0.5305718629924013,📈 매수 우위,대형주 추세 눌림목 (Silent Titan)
2025-04-29,037560,LG헬로비전,2685.0,3.026592703483556,📈 매수 우위,과매도 구간 기술적 반등 기대
2025-04-29,089850,유비벨록스,8700.0,30.59855149684065,📈 매수 우위,과매도 구간 기술적 반등 기대
2025-04-29,203650,드림시큐리티,3660.0,4.748357293139368,📈 매수 우위,과매도 구간 기술적 반등 기대
2025-04-30,086790,하나금융지주,64500.0,0.4043895052172748,📈 매수 우위,대형주 추세 눌림목 (Silent Titan)
2025-04-30,217270,넵튠,7360.0,4.671472539465396,📈 매수 우위,과매도 구간 기술적 반등 기대
2025-04-30,055550,신한지주,51400.0,0.8978354487029002,📈 매수 우위,대형주 추세 눌림목 (Silent Titan)
2025-04-30,009410,태영건설,2875.0,2.549864821627516,📈 매수 우위,과매도 구간 기술적 반등 기대
2025-04-30,041960,코미팜,6090.0,3.788327034825794,📈 매수 우위,과매도 구간 기술적 반등 기대
2025-05-02,234690,녹십자웰빙,9400.0,17.244723084319908,📉 매도 우위,단기 과열권 도달 (고점 경고)
2025-05-02,207940,삼성바이오로직스,1085000.0,0.1758044761848098,📈 매수 우위,대형주 추세 눌림목 (Silent Titan)
2025-05-02,130660,한전산업,11720.0,3.042182224126045,📈 매수 우위,과매도 구간 기술적 반등 기대
2025-05-07,289930,웨이비스,10990.0,13.458101125876402,📉 매도 우위,단기 과열권 도달 (고점 경고)
2025-05-07,086790,하나금융지주,65300.0,0.613937512349705,📈 매수 우위,대형주 추세 눌림목 (Silent Titan)
2025-05-07,256940,킵스파마,9820.0,2.8046559383992884,📈 매수 우위,과매도 구간 기술적 반등 기대
2025-05-07,055550,신한지주,51100.0,0.1278990912035185,📈 매수 우위,대형주 추세 눌림목 (Silent Titan)
2025-05-07,003090,대웅,19260.0,3.0870260862047805,📈 매수 우위,과매도 구간 기술적 반등 기대
2025-05-08,059210,메타바이오메드,5760.0,107.07800511133094,📉 매도 우위,단기 과열권 도달 (고점 경고)
2025-05-08,105560,KB금융,94500.0,0.4856738650710304,📈 매수 우위,대형주 추세 눌림목 (Silent Titan)
2025-05-08,114840,아이패밀리에스씨,19930.0,7.136890228671534,📈 매수 우위,과매도 구간 기술적 반등 기대
2025-05-08,086790,하나금융지주,64700.0,0.1602256471448337,📈 매수 우위,대형주 추세 눌림목 (Silent Titan)
2025-05-08,206640,바디텍메드,16530.0,4.765862494662026,📈 매수 우위,과매도 구간 기술적 반등 기대
2025-05-09,388870,파로스아이바이오,7670.0,27.8639179803613,📉 매도 우위,단기 과열권 도달 (고점 경고)
2025-05-09,015760,한국전력,26950.0,1.013899193850789,📈 매수 우위,대형주 추세 눌림목 (Silent Titan)
2025-05-09,145720,덴티움,64800.0,3.267367471904844,📈 매수 우위,과매도 구간 기술적 반등 기대
2025-05-09,240810,원익IPS,21800.0,1.088765254149551,📈 매수 우위,낙폭 과대 우량주 저점 매수
2025-05-09,086790,하나금융지주,63800.0,0.1094376076259642,📈 매수 우위,대형주 추세 눌림목 (Silent Titan)
2025-05-12,057030,YBM넷,5510.0,17.813971135459784,📉 매도 우위,단기 과열권 도달 (고점 경고)
2025-05-12,015760,한국전력,26900.0,0.4647632000848949,📈 매수 우위,대형주 추세 눌림목 (Silent Titan)
2025-05-12,448710,코츠테크놀로지,19440.0,3.698310493516333,📈 매수 우위,과매도 구간 기술적 반등 기대
2025-05-12,090430,아모레퍼시픽,123200.0,0.0457621334117951,📈 매수 우위,대형주 추세 눌림목 (Silent Titan)
2025-05-12,263750,펄어비스,35150.0,7.493508606366288,📈 매수 우위,과매도 구간 기술적 반등 기대
2025-05-13,109740,디에스케이,6270.0,11.58555806805778,📉 매도 우위,단기 과열권 도달 (고점 경고)
2025-05-13,086790,하나금융지주,64900.0,1.1065665105729667,📈 매수 우위,대형주 추세 눌림목 (Silent Titan)
2025-05-13,181710,NHN,20550.0,7.073321722202675,📈 매수 우위,과매도 구간 기술적 반등 기대
2025-05-13,097950,CJ제일제당,238500.0,1.2570674428461537,📈 매수 우위,낙폭 과대 우량주 저점 매수
2025-05-13,055550,신한지주,51800.0,0.2670248597111428,📈 매수 우위,대형주 추세 눌림목 (Silent Titan)
2025-05-14,100090,SK오션플랜트,19840.0,41.50620564954454,📉 매도 우위,단기 과열권 도달 (고점 경고)
2025-05-14,352820,하이브,275000.0,0.2876325211254546,📈 매수 우위,대형주 추세 눌림목 (Silent Titan)
2025-05-14,127120,제이에스링크,8470.0,3.1960298216814738,📈 매수 우위,과매도 구간 기술적 반등 기대
2025-05-14,000660,SK하이닉스,206000.0,0.0393731603345426,📈 매수 우위,대형주 추세 눌림목 (Silent Titan)
2025-05-14,192080,더블유게임즈,52800.0,8.986328517814707,📈 매수 우위,과매도 구간 기술적 반등 기대
2025-05-15,336680,탑런토탈솔루션,10200.0,114.59572332666978,📉 매도 우위,단기 과열권 도달 (고점 경고)
2025-05-15,109740,디에스케이,5070.0,6.913691187566815,📈 매수 우위,과매도 구간 기술적 반등 기대
2025-05-15,138040,메리츠금융지주,113900.0,2.7835231787351087,📈 매수 우위,낙폭 과대 우량주 저점 매수
2025-05-15,237880,클리오,16080.0,2.7955753801821674,📈 매수 우위,과매도 구간 기술적 반등 기대
2025-05-15,064090,인크레더블버즈,3580.0,2.867091901974676,📈 매수 우위,과매도 구간 기술적 반등 기대
2025-05-16,347000,센코,2760.0,115.1595325330714,📉 매도 우위,단기 과열권 도달 (고점 경고)
2025-05-16,337930,젝시믹스,5810.0,3.873061620561521,📈 매수 우위,과매도 구간 기술적 반등 기대
2025-05-16,170920,엘티씨,9860.0,2.8388717571929973,📈 매수 우위,과매도 구간 기술적 반등 기대
2025-05-16,230240,에치에프알,16960.0,3.370767719811281,📈 매수 우위,과매도 구간 기술적 반등 기대
2025-05-16,260970,에스앤디,90000.0,13.77897364802864,📈 매수 우위,과매도 구간 기술적 반등 기대
2025-05-19,098120,마이크로컨텍솔,16210.0,50.9601832762546,📉 매도 우위,단기 과열권 도달 (고점 경고)
2025-05-19,004490,세방전지,64200.0,3.7283343557935273,📈 매수 우위,과매도 구간 기술적 반등 기대
2025-05-19,073240,금호타이어,4445.0,7.2698204020152435,📈 매수 우위,과매도 구간 기술적 반등 기대
2025-05-19,256840,한국비엔씨,4195.0,4.0269693407837455,📈 매수 우위,과매도 구간 기술적 반등 기대
2025-05-19,006060,화승인더,4585.0,3.267550884161736,📈 매수 우위,과매도 구간 기술적 반등 기대
2025-05-20,036890,진성티이씨,11300.0,45.49392223622977,📉 매도 우위,단기 과열권 도달 (고점 경고)
2025-05-20,055550,신한지주,53800.0,0.8689195370916161,📈 매수 우위,대형주 추세 눌림목 (Silent Titan)
2025-05-20,219750,한국비티비,1541.0,3.553710119690196,📈 매수 우위,과매도 구간 기술적 반등 기대
2025-05-20,010060,OCI홀딩스,71700.0,1.124288726301284,📈 매수 우위,낙폭 과대 우량주 저점 매수
2025-05-20,389260,대명에너지,23350.0,2.578018736705419,📈 매수 우위,과매도 구간 기술적 반등 기대
2025-05-21,418420,라온텍,3255.0,41.96630364366152,📉 매도 우위,단기 과열권 도달 (고점 경고)
2025-05-21,105560,KB금융,98000.0,0.1097472895178549,📈 매수 우위,대형주 추세 눌림목 (Silent Titan)
2025-05-21,126340,비나텍,27600.0,26.168799044690424,📈 매수 우위,과매도 구간 기술적 반등 기대
2025-05-21,015760,한국전력,29300.0,0.379406249999126,📈 매수 우위,대형주 추세 눌림목 (Silent Titan)
2025-05-21,219130,타이거일렉,13470.0,3.4561251004407905,📈 매수 우위,과매도 구간 기술적 반등 기대
2025-05-22,307750,국전약품,3555.0,118.22474775368106,📉 매도 우위,단기 과열권 도달 (고점 경고)
2025-05-22,055550,신한지주,54100.0,0.2323652375826285,📈 매수 우위,대형주 추세 눌림목 (Silent Titan)
2025-05-22,042600,새로닉스,6950.0,3.6735669563490654,📈 매수 우위,과매도 구간 기술적 반등 기대
2025-05-22,138040,메리츠금융지주,108900.0,1.2428626426830596,📈 매수 우위,낙폭 과대 우량주 저점 매수
2025-05-22,095660,네오위즈,24350.0,7.541899736641061,📈 매수 우위,과매도 구간 기술적 반등 기대
2025-05-23,011700,한신기계,3500.0,171.31771800346743,📉 매도 우위,단기 과열권 도달 (고점 경고)
2025-05-23,055550,신한지주,55100.0,0.1144280994637429,📈 매수 우위,대형주 추세 눌림목 (Silent Titan)
2025-05-23,039840,디오,18310.0,2.7211975538619697,📈 매수 우위,과매도 구간 기술적 반등 기대
2025-05-23,086790,하나금융지주,68700.0,0.1410485065440722,📈 매수 우위,대형주 추세 눌림목 (Silent Titan)
2025-05-23,064550,바이오니아,16180.0,3.304201432037488,📈 매수 우위,과매도 구간 기술적 반등 기대
2025-05-26,097780,에코볼트,1246.0,37.29997300581546,📉 매도 우위,단기 과열권 도달 (고점 경고)
2025-05-26,055550,신한지주,56300.0,0.2477078727854336,📈 매수 우위,대형주 추세 눌림목 (Silent Titan)
2025-05-26,061040,알에프텍,2860.0,7.873731734600748,📈 매수 우위,과매도 구간 기술적 반등 기대
2025-05-26,086790,하나금융지주,70500.0,0.2651499432939724,📈 매수 우위,대형주 추세 눌림목 (Silent Titan)
2025-05-26,036190,금화피에스시,29600.0,3.095023701841719,📈 매수 우위,과매도 구간 기술적 반등 기대
2025-05-27,092040,아미코젠,4690.0,15.568808740359648,📉 매도 우위,단기 과열권 도달 (고점 경고)
2025-05-27,105560,KB금융,101900.0,0.3545363433742585,📈 매수 우위,대형주 추세 눌림목 (Silent Titan)
2025-05-27,219750,한국비티비,1384.0,2.8303667110545674,📈 매수 우위,과매도 구간 기술적 반등 기대
2025-05-27,035720,카카오,40950.0,0.6929785856515243,📈 매수 우위,대형주 추세 눌림목 (Silent Titan)
2025-05-27,462350,이노스페이스,18000.0,15.815179917504969,📈 매수 우위,과매도 구간 기술적 반등 기대
2025-05-28,086960,MDS테크,1393.0,26.07537037806681,📉 매도 우위,단기 과열권 도달 (고점 경고)
2025-05-28,055550,신한지주,56600.0,0.7470691712169663,📈 매수 우위,대형주 추세 눌림목 (Silent Titan)
2025-05-28,036630,세종텔레콤,5290.0,3.69790577579029,📈 매수 우위,과매도 구간 기술적 반등 기대
2025-05-28,052690,한전기술,61700.0,2.398903889706677,📈 매수 우위,낙폭 과대 우량주 저점 매수
2025-05-28,086790,하나금융지주,69900.0,0.2349085821491605,📈 매수 우위,대형주 추세 눌림목 (Silent Titan)
2025-05-29,000240,한국앤컴퍼니,19890.0,33.268325050048816,📉 매도 우위,단기 과열권 도달 (고점 경고)
2025-05-29,086790,하나금융지주,72200.0,1.4380102341999088,📈 매수 우위,대형주 추세 눌림목 (Silent Titan)
2025-05-29,068290,삼성출판사,19700.0,11.472787656085872,📈 매수 우위,과매도 구간 기술적 반등 기대
2025-05-29,105560,KB금융,102700.0,0.895988686589535,📈 매수 우위,대형주 추세 눌림목 (Silent Titan)
2025-05-29,035720,카카오,44000.0,1.4624657147146398,📈 매수 우위,대형주 추세 눌림목 (Silent Titan)
2025-05-30,138610,나이벡,35350.0,46.91278009665343,📉 매도 우위,단기 과열권 도달 (고점 경고)
2025-05-30,090430,아모레퍼시픽,133700.0,1.0416830594032775,📈 매수 우위,대형주 추세 눌림목 (Silent Titan)
2025-05-30,004800,효성,62400.0,6.140659879157727,📈 매수 우위,과매도 구간 기술적 반등 기대
2025-05-30,066790,씨씨에스,1430.0,1.1750056885326832,📈 매수 우위,낙폭 과대 우량주 저점 매수
2025-05-30,015760,한국전력,30350.0,1.0647600483824833,📈 매수 우위,대형주 추세 눌림목 (Silent Titan)
2025-06-02,168330,내츄럴엔도텍,2800.0,37.352877379367705,📉 매도 우위,단기 과열권 도달 (고점 경고)
2025-06-02,316140,우리금융지주,18890.0,1.4566751993354734,📈 매수 우위,대형주 추세 눌림목 (Silent Titan)
2025-06-02,306200,세아제강,151900.0,2.783279944757993,📈 매수 우위,과매도 구간 기술적 반등 기대
2025-06-02,105560,KB금융,100000.0,0.9616100943227616,📈 매수 우위,대형주 추세 눌림목 (Silent Titan)
2025-06-02,347890,엠투아이,5930.0,6.847150638589103,📈 매수 우위,과매도 구간 기술적 반등 기대
2025-06-04,001270,부국증권,42200.0,64.5703908188537,📉 매도 우위,단기 과열권 도달 (고점 경고)
2025-06-04,010620,HD현대미포,202000.0,0.5147322013353921,📈 매수 우위,대형주 추세 눌림목 (Silent Titan)
2025-06-04,010660,화천기계,4645.0,2.7139742202594244,📈 매수 우위,과매도 구간 기술적 반등 기대
2025-06-05,052690,한전기술,73200.0,20.081555868332043,📉 매도 우위,단기 과열권 도달 (고점 경고)
2025-06-05,068270,셀트리온,163100.0,0.2324668351075808,📈 매수 우위,대형주 추세 눌림목 (Silent Titan)
2025-06-05,009450,경동나비엔,73000.0,2.5288089026455043,📈 매수 우위,과매도 구간 기술적 반등 기대
2025-06-05,086790,하나금융지주,73500.0,1.292033480855519,📈 매수 우위,대형주 추세 눌림목 (Silent Titan)
2025-06-05,005440,현대지에프홀딩스,7810.0,3.4170006182806216,📈 매수 우위,과매도 구간 기술적 반등 기대
2025-06-09,060250,NHN KCP,9100.0,73.43614327528968,📉 매도 우위,단기 과열권 도달 (고점 경고)
2025-06-09,214450,파마리서치,501000.0,0.8842465976615743,📈 매수 우위,대형주 추세 눌림목 (Silent Titan)
2025-06-09,222040,코스맥스엔비티,5050.0,2.824660990477929,📈 매수 우위,과매도 구간 기술적 반등 기대
2025-06-09,090430,아모레퍼시픽,139900.0,1.0917671490649188,📈 매수 우위,대형주 추세 눌림목 (Silent Titan)
2025-06-09,095660,네오위즈,23800.0,11.176188851502634,📈 매수 우위,과매도 구간 기술적 반등 기대
2025-06-10,042670,HD현대인프라코어,10970.0,38.41198840872086,📉 매도 우위,단기 과열권 도달 (고점 경고)
2025-06-10,298040,효성중공업,682000.0,0.3672738194909492,📈 매수 우위,대형주 추세 눌림목 (Silent Titan)
2025-06-10,006490,인스코비,1595.0,2.9892825507366423,📈 매수 우위,과매도 구간 기술적 반등 기대
2025-06-10,036930,주성엔지니어링,30950.0,1.6631369764344794,📈 매수 우위,낙폭 과대 우량주 저점 매수
2025-06-10,000660,SK하이닉스,230500.0,0.653523473397854,📈 매수 우위,대형주 추세 눌림목 (Silent Titan)
2025-06-11,042510,라온시큐어,11650.0,169.69669625061275,📉 매도 우위,단기 과열권 도달 (고점 경고)
2025-06-11,298040,효성중공업,679000.0,0.0410107804723093,📈 매수 우위,대형주 추세 눌림목 (Silent Titan)
2025-06-11,217730,강스템바이오텍,1688.0,8.443380564877902,📈 매수 우위,과매도 구간 기술적 반등 기대
2025-06-11,316140,우리금융지주,20450.0,0.6918812559919895,📈 매수 우위,대형주 추세 눌림목 (Silent Titan)
2025-06-11,036420,콘텐트리중앙,12410.0,4.793193383237811,📈 매수 우위,과매도 구간 기술적 반등 기대
2025-06-12,950190,고스트스튜디오,10400.0,67.10214873732903,📉 매도 우위,단기 과열권 도달 (고점 경고)
2025-06-12,316140,우리금융지주,20550.0,1.2303313202002746,📈 매수 우위,대형주 추세 눌림목 (Silent Titan)
2025-06-12,006060,화승인더,4715.0,3.328906458335863,📈 매수 우위,과매도 구간 기술적 반등 기대
2025-06-12,051910,LG화학,210500.0,1.3425001308570346,📈 매수 우위,대형주 추세 눌림목 (Silent Titan)
2025-06-12,036120,서울평가정보,2530.0,3.698134533437782,📈 매수 우위,과매도 구간 기술적 반등 기대
2025-06-13,053050,지에스이,3475.0,240.3138403255569,📉 매도 우위,단기 과열권 도달 (고점 경고)
2025-06-13,316140,우리금융지주,20550.0,0.9079270985807164,📈 매수 우위,대형주 추세 눌림목 (Silent Titan)
2025-06-13,054920,한컴위드,3250.0,2.721192421472132,📈 매수 우위,과매도 구간 기술적 반등 기대
2025-06-13,003490,대한항공,21450.0,2.514511432850674,📈 매수 우위,낙폭 과대 우량주 저점 매수
2025-06-13,000660,SK하이닉스,235500.0,0.8957032811535864,📈 매수 우위,대형주 추세 눌림목 (Silent Titan)
2025-06-16,010280,아이티센엔텍,1268.0,38.22745094132338,📉 매도 우위,단기 과열권 도달 (고점 경고)
2025-06-16,316140,우리금융지주,20900.0,0.0451029602549796,📈 매수 우위,대형주 추세 눌림목 (Silent Titan)
2025-06-16,079160,CJ CGV,4825.0,3.228780213859949,📈 매수 우위,과매도 구간 기술적 반등 기대
2025-06-16,000660,SK하이닉스,248000.0,0.6710495442744188,📈 매수 우위,대형주 추세 눌림목 (Silent Titan)
2025-06-16,381970,케이카,15180.0,12.492186832909884,📈 매수 우위,과매도 구간 기술적 반등 기대
2025-06-17,011790,SKC,104400.0,19.946015955668024,📉 매도 우위,단기 과열권 도달 (고점 경고)
2025-06-17,017670,SK텔레콤,55300.0,0.703326831937179,📈 매수 우위,대형주 추세 눌림목 (Silent Titan)
2025-06-17,396270,넥스트칩,5570.0,5.870405359997593,📈 매수 우위,과매도 구간 기술적 반등 기대
2025-06-17,005880,대한해운,1683.0,1.0454886735549525,📈 매수 우위,낙폭 과대 우량주 저점 매수
2025-06-17,003230,삼양식품,1288000.0,0.1568432998538238,📈 매수 우위,대형주 추세 눌림목 (Silent Titan)
2025-06-18,069510,에스텍,18300.0,40.00773034882685,📉 매도 우위,단기 과열권 도달 (고점 경고)
2025-06-18,005930,삼성전자,59800.0,0.5253328114426977,📈 매수 우위,대형주 추세 눌림목 (Silent Titan)
2025-06-18,042420,네오위즈홀딩스,29750.0,2.608522205547673,📈 매수 우위,과매도 구간 기술적 반등 기대
2025-06-18,271560,오리온,106900.0,3.022625726910666,📈 매수 우위,낙폭 과대 우량주 저점 매수
2025-06-18,086790,하나금융지주,78900.0,0.3274187827132726,📈 매수 우위,대형주 추세 눌림목 (Silent Titan)
2025-06-19,223250,드림씨아이에스,4020.0,101.56227641322926,📉 매도 우위,단기 과열권 도달 (고점 경고)
2025-06-19,316140,우리금융지주,20850.0,0.2528383699819068,📈 매수 우위,대형주 추세 눌림목 (Silent Titan)
2025-06-19,299900,위지윅스튜디오,1276.0,6.382651665603449,📈 매수 우위,과매도 구간 기술적 반등 기대
2025-06-19,005930,삼성전자,59200.0,0.4070241817608111,📈 매수 우위,대형주 추세 눌림목 (Silent Titan)
2025-06-19,175140,휴먼테크놀로지,5410.0,2.547024775759089,📈 매수 우위,과매도 구간 기술적 반등 기대
2025-06-20,336260,두산퓨얼셀,23450.0,25.00665241603753,📉 매도 우위,단기 과열권 도달 (고점 경고)
2025-06-20,017670,SK텔레콤,56300.0,0.0207181135771016,📈 매수 우위,대형주 추세 눌림목 (Silent Titan)
2025-06-20,322310,오로스테크놀로지,20650.0,4.914543230737276,📈 매수 우위,과매도 구간 기술적 반등 기대
2025-06-20,000660,SK하이닉스,257000.0,0.5938570750373919,📈 매수 우위,대형주 추세 눌림목 (Silent Titan)
2025-06-20,053690,한미글로벌,21800.0,2.707624323675577,📈 매수 우위,과매도 구간 기술적 반등 기대
2025-06-23,090360,로보스타,30800.0,47.51597639749979,📉 매도 우위,단기 과열권 도달 (고점 경고)
2025-06-23,000660,SK하이닉스,259500.0,0.5395916295991053,📈 매수 우위,대형주 추세 눌림목 (Silent Titan)
2025-06-23,051160,지어소프트,11200.0,4.287629810698007,📈 매수 우위,과매도 구간 기술적 반등 기대
2025-06-23,316140,우리금융지주,21350.0,0.4639446592713917,📈 매수 우위,대형주 추세 눌림목 (Silent Titan)
2025-06-23,001080,만호제강,25750.0,5.494101897514839,📈 매수 우위,과매도 구간 기술적 반등 기대
2025-06-24,120110,코오롱인더,39150.0,27.89581450894007,📉 매도 우위,단기 과열권 도달 (고점 경고)
2025-06-24,316140,우리금융지주,22200.0,0.5218560706588958,📈 매수 우위,대형주 추세 눌림목 (Silent Titan)
2025-06-24,302550,리메드,3535.0,30.27350282370413,📈 매수 우위,과매도 구간 기술적 반등 기대
2025-06-24,017670,SK텔레콤,56800.0,0.2166439203914171,📈 매수 우위,대형주 추세 눌림목 (Silent Titan)
2025-06-24,200350,아티스트스튜디오,16170.0,3.3664117733886987,📈 매수 우위,과매도 구간 기술적 반등 기대
2025-06-25,009070,KCTC,5050.0,128.105941455154,📉 매도 우위,단기 과열권 도달 (고점 경고)
2025-06-25,316140,우리금융지주,22500.0,1.128869903700425,📈 매수 우위,대형주 추세 눌림목 (Silent Titan)
2025-06-25,115450,HLB테라퓨틱스,5110.0,8.260074773441106,📈 매수 우위,과매도 구간 기술적 반등 기대
2025-06-25,058970,엠로,54600.0,1.3222384607240545,📈 매수 우위,낙폭 과대 우량주 저점 매수
2025-06-25,086790,하나금융지주,83200.0,0.4958110542731699,📈 매수 우위,대형주 추세 눌림목 (Silent Titan)
2025-06-26,102460,이연제약,13750.0,60.18622479838074,📉 매도 우위,단기 과열권 도달 (고점 경고)
2025-06-26,316140,우리금융지주,22550.0,0.6963695472160115,📈 매수 우위,대형주 추세 눌림목 (Silent Titan)
2025-06-26,361390,제노코,19630.0,5.084021366626883,📈 매수 우위,과매도 구간 기술적 반등 기대
2025-06-26,086790,하나금융지주,83500.0,0.3279368154075861,📈 매수 우위,대형주 추세 눌림목 (Silent Titan)
2025-06-26,009070,KCTC,4840.0,2.543166212162685,📈 매수 우위,과매도 구간 기술적 반등 기대
2025-06-27,090710,휴림로봇,3130.0,15.86626064299986,📉 매도 우위,단기 과열권 도달 (고점 경고)
2025-06-27,316140,우리금융지주,22500.0,0.2613138379635496,📈 매수 우위,대형주 추세 눌림목 (Silent Titan)
2025-06-27,110990,디아이티,12830.0,19.77855182908127,📈 매수 우위,과매도 구간 기술적 반등 기대
2025-06-27,011170,롯데케미칼,58600.0,2.7959936753424204,📈 매수 우위,낙폭 과대 우량주 저점 매수
2025-06-27,086790,하나금융지주,84200.0,0.1332765158866642,📈 매수 우위,대형주 추세 눌림목 (Silent Titan)
2025-06-30,056090,시지메드텍,1051.0,68.45899232792853,📉 매도 우위,단기 과열권 도달 (고점 경고)
2025-06-30,316140,우리금융지주,22450.0,0.0776838107310235,📈 매수 우위,대형주 추세 눌림목 (Silent Titan)
2025-06-30,321820,아티스트컴퍼니,8400.0,2.7835691879900297,📈 매수 우위,과매도 구간 기술적 반등 기대
2025-06-30,003230,삼양식품,1395000.0,0.4393126750114744,📈 매수 우위,대형주 추세 눌림목 (Silent Titan)
2025-06-30,003830,대한화섬,129600.0,2.82253121239994,📈 매수 우위,과매도 구간 기술적 반등 기대
2025-07-01,005740,크라운해태홀딩스,9780.0,12.790632273774587,📉 매도 우위,단기 과열권 도달 (고점 경고)
2025-07-01,316140,우리금융지주,22450.0,0.5209618564333973,📈 매수 우위,대형주 추세 눌림목 (Silent Titan)
2025-07-01,001430,세아베스틸지주,30750.0,4.1775818647999765,📈 매수 우위,과매도 구간 기술적 반등 기대
2025-07-01,033780,KT&G,127200.0,1.1324811037972522,📈 매수 우위,대형주 추세 눌림목 (Silent Titan)
2025-07-01,246710,티앤알바이오팹,5050.0,2.8731808447241387,📈 매수 우위,과매도 구간 기술적 반등 기대
2025-07-02,267270,HD현대건설기계,87000.0,51.22288680021207,📉 매도 우위,단기 과열권 도달 (고점 경고)
2025-07-02,316140,우리금융지주,22600.0,0.2696950622190901,📈 매수 우위,대형주 추세 눌림목 (Silent Titan)
2025-07-02,078160,메디포스트,11840.0,4.855885516136854,📈 매수 우위,과매도 구간 기술적 반등 기대
2025-07-02,058470,리노공업,49200.0,1.1073140282933993,📈 매수 우위,낙폭 과대 우량주 저점 매수
2025-07-02,017670,SK텔레콤,57900.0,0.5179480473534557,📈 매수 우위,대형주 추세 눌림목 (Silent Titan)
2025-07-03,114190,강원에너지,7750.0,154.5093766407983,📉 매도 우위,단기 과열권 도달 (고점 경고)
2025-07-03,105560,KB금융,116900.0,0.5831799851927609,📈 매수 우위,대형주 추세 눌림목 (Silent Titan)
2025-07-03,003570,SNT다이내믹스,49800.0,2.7757579450745093,📈 매수 우위,과매도 구간 기술적 반등 기대
2025-07-03,068270,셀트리온,172300.0,1.0508270187836872,📈 매수 우위,대형주 추세 눌림목 (Silent Titan)
2025-07-03,348340,뉴로메카,23700.0,2.728154553188033,📈 매수 우위,과매도 구간 기술적 반등 기대
2025-07-04,131400,이브이첨단소재,1870.0,22.2011327532547,📉 매도 우위,단기 과열권 도달 (고점 경고)
2025-07-04,033780,KT&G,129600.0,0.1583744491968505,📈 매수 우위,대형주 추세 눌림목 (Silent Titan)
2025-07-04,003000,부광약품,3540.0,7.79825233756697,📈 매수 우위,과매도 구간 기술적 반등 기대
2025-07-04,086790,하나금융지주,85400.0,0.2809309060837404,📈 매수 우위,대형주 추세 눌림목 (Silent Titan)
2025-07-04,009150,삼성전기,138600.0,0.2211020002175071,📈 매수 우위,대형주 추세 눌림목 (Silent Titan)
2025-07-07,048410,현대바이오,10690.0,15.08010154812709,📉 매도 우위,단기 과열권 도달 (고점 경고)
2025-07-07,068270,셀트리온,178800.0,0.3741601919107921,📈 매수 우위,대형주 추세 눌림목 (Silent Titan)
2025-07-07,217270,넵튠,8930.0,46.65439450526055,📈 매수 우위,과매도 구간 기술적 반등 기대
2025-07-07,033780,KT&G,136200.0,1.4549746897963949,📈 매수 우위,대형주 추세 눌림목 (Silent Titan)
2025-07-07,049520,유아이엘,3415.0,2.668974738003396,📈 매수 우위,과매도 구간 기술적 반등 기대
2025-07-08,078520,에이블씨엔씨,8840.0,82.5365849797235,📉 매도 우위,단기 과열권 도달 (고점 경고)
2025-07-08,055550,신한지주,71100.0,1.1023753345497231,📈 매수 우위,대형주 추세 눌림목 (Silent Titan)
2025-07-08,441270,파인엠텍,6410.0,7.258731174615745,📈 매수 우위,과매도 구간 기술적 반등 기대
2025-07-08,105560,KB금융,122000.0,1.131991979263781,📈 매수 우위,대형주 추세 눌림목 (Silent Titan)
2025-07-08,066590,우수AMS,3390.0,8.427179422689498,📈 매수 우위,과매도 구간 기술적 반등 기대
2025-07-09,093520,매커스,19790.0,36.31666029920057,📉 매도 우위,단기 과열권 도달 (고점 경고)
2025-07-09,055550,신한지주,69800.0,1.346230419240764,📈 매수 우위,대형주 추세 눌림목 (Silent Titan)
2025-07-09,111710,남화산업,4750.0,14.871678285652482,📈 매수 우위,과매도 구간 기술적 반등 기대
2025-07-09,000810,삼성화재,478500.0,0.6530833721814934,📈 매수 우위,대형주 추세 눌림목 (Silent Titan)
2025-07-09,105560,KB금융,118400.0,1.3603595466841985,📈 매수 우위,대형주 추세 눌림목 (Silent Titan)
2025-07-10,000540,흥국화재,5630.0,23.430388197236525,📉 매도 우위,단기 과열권 도달 (고점 경고)
2025-07-10,316140,우리금융지주,25200.0,1.272740764606059,📈 매수 우위,대형주 추세 눌림목 (Silent Titan)
2025-07-10,006650,대한유화,98000.0,3.0848662686803654,📈 매수 우위,과매도 구간 기술적 반등 기대
2025-07-10,033500,동성화인텍,22500.0,1.052470570086915,📈 매수 우위,낙폭 과대 우량주 저점 매수
2025-07-10,055550,신한지주,69900.0,0.5235699528382716,📈 매수 우위,대형주 추세 눌림목 (Silent Titan)
2025-07-11,263700,케어랩스,4870.0,17.927600362960753,📉 매도 우위,단기 과열권 도달 (고점 경고)
2025-07-11,316140,우리금융지주,25850.0,0.5273062868615308,📈 매수 우위,대형주 추세 눌림목 (Silent Titan)
2025-07-11,168360,펨트론,12560.0,8.18811105389212,📈 매수 우위,과매도 구간 기술적 반등 기대
2025-07-11,033500,동성화인텍,21650.0,1.2474241433058926,📈 매수 우위,낙폭 과대 우량주 저점 매수
2025-07-11,055550,신한지주,69300.0,0.0216921543836891,📈 매수 우위,대형주 추세 눌림목 (Silent Titan)
2025-07-14,099440,스맥,3945.0,11.013948454392654,📉 매도 우위,단기 과열권 도달 (고점 경고)
2025-07-14,316140,우리금융지주,26700.0,0.7567004613853091,📈 매수 우위,대형주 추세 눌림목 (Silent Titan)
2025-07-14,179900,유티아이,23800.0,4.376172316501707,📈 매수 우위,과매도 구간 기술적 반등 기대
2025-07-14,055550,신한지주,71800.0,0.0263632907031327,📈 매수 우위,대형주 추세 눌림목 (Silent Titan)
2025-07-14,241590,화승엔터프라이즈,8070.0,2.9064076713269698,📈 매수 우위,과매도 구간 기술적 반등 기대
2025-07-15,452400,이닉스,12450.0,25.25044363798712,📉 매도 우위,단기 과열권 도달 (고점 경고)
2025-07-15,316140,우리금융지주,26750.0,0.7291193727539558,📈 매수 우위,대형주 추세 눌림목 (Silent Titan)
2025-07-15,064290,인텍플러스,8270.0,11.038171114833094,📈 매수 우위,과매도 구간 기술적 반등 기대
2025-07-15,033780,KT&G,140500.0,0.0049797396136568,📈 매수 우위,대형주 추세 눌림목 (Silent Titan)
2025-07-15,032830,삼성생명,138500.0,0.2177622011914452,📈 매수 우위,대형주 추세 눌림목 (Silent Titan)
2025-07-16,441270,파인엠텍,10720.0,40.583942012288446,📉 매도 우위,단기 과열권 도달 (고점 경고)
2025-07-16,055550,신한지주,69400.0,0.0139523419187312,📈 매수 우위,대형주 추세 눌림목 (Silent Titan)
2025-07-16,013120,동원개발,3370.0,3.3889927295886104,📈 매수 우위,과매도 구간 기술적 반등 기대
2025-07-16,271560,오리온,114000.0,1.1243988056036007,📈 매수 우위,낙폭 과대 우량주 저점 매수
2025-07-16,039340,한국경제TV,6010.0,3.223092865382636,📈 매수 우위,과매도 구간 기술적 반등 기대
2025-07-17,198440,강동씨앤엘,1396.0,52.05190690442957,📉 매도 우위,단기 과열권 도달 (고점 경고)
2025-07-17,068270,셀트리온,180400.0,0.7842755401026472,📈 매수 우위,대형주 추세 눌림목 (Silent Titan)
2025-07-17,416180,신성에스티,40400.0,3.900887617117014,📈 매수 우위,과매도 구간 기술적 반등 기대
2025-07-17,058470,리노공업,50500.0,1.7079584908734409,📈 매수 우위,낙폭 과대 우량주 저점 매수
2025-07-17,055550,신한지주,69900.0,0.0107397781394637,📈 매수 우위,대형주 추세 눌림목 (Silent Titan)
2025-07-18,014580,태경비케이,5980.0,366.1973168746935,📉 매도 우위,단기 과열권 도달 (고점 경고)
2025-07-18,005930,삼성전자,67100.0,1.4594115922011677,📈 매수 우위,대형주 추세 눌림목 (Silent Titan)
2025-07-18,044820,코스맥스비티아이,21450.0,2.6716543734373066,📈 매수 우위,과매도 구간 기술적 반등 기대
2025-07-18,373220,LG에너지솔루션,322500.0,0.1426633156221148,📈 매수 우위,대형주 추세 눌림목 (Silent Titan)
2025-07-18,093050,LF,20400.0,2.990940186132572,📈 매수 우위,과매도 구간 기술적 반등 기대
2025-07-21,272290,이녹스첨단소재,29500.0,34.02225796035215,📉 매도 우위,단기 과열권 도달 (고점 경고)
2025-07-21,005930,삼성전자,67800.0,0.3840879073891542,📈 매수 우위,대형주 추세 눌림목 (Silent Titan)
2025-07-21,028300,HLB,50300.0,2.54722123152331,📈 매수 우위,낙폭 과대 우량주 저점 매수
2025-07-21,298040,효성중공업,1053000.0,0.1066400374497327,📈 매수 우위,대형주 추세 눌림목 (Silent Titan)
2025-07-21,373220,LG에너지솔루션,331000.0,0.6087909149452286,📈 매수 우위,대형주 추세 눌림목 (Silent Titan)
2025-07-22,090460,비에이치,16600.0,119.146577950154,📉 매도 우위,단기 과열권 도달 (고점 경고)
2025-07-22,298040,효성중공업,1040000.0,0.4314471399135878,📈 매수 우위,대형주 추세 눌림목 (Silent Titan)
2025-07-22,009410,태영건설,2340.0,4.72487330147905,📈 매수 우위,과매도 구간 기술적 반등 기대
2025-07-22,005930,삼성전자,66000.0,0.8491241877088858,📈 매수 우위,대형주 추세 눌림목 (Silent Titan)
2025-07-22,053610,프로텍,25850.0,3.0526630377506505,📈 매수 우위,과매도 구간 기술적 반등 기대
2025-07-23,126880,제이엔케이글로벌,4855.0,344.6954703360383,📉 매도 우위,단기 과열권 도달 (고점 경고)
2025-07-23,049470,SGA,1950.0,3.2572098969248096,📈 매수 우위,과매도 구간 기술적 반등 기대
2025-07-23,058470,리노공업,46750.0,1.5869282030202472,📈 매수 우위,낙폭 과대 우량주 저점 매수
2025-07-23,144960,뉴파워프라즈마,5600.0,4.09167881743684,📈 매수 우위,과매도 구간 기술적 반등 기대
2025-07-24,065510,휴비츠,9400.0,128.60335520066226,📉 매도 우위,단기 과열권 도달 (고점 경고)
2025-07-24,016590,신대양제지,10280.0,4.114085612087614,📈 매수 우위,과매도 구간 기술적 반등 기대
2025-07-24,004370,농심,388000.0,1.537758989583832,📈 매수 우위,낙폭 과대 우량주 저점 매수
2025-07-24,389020,자람테크놀로지,43650.0,3.439425640783345,📈 매수 우위,과매도 구간 기술적 반등 기대
2025-07-24,131030,옵투스제약,7550.0,3.5258406855921884,📈 매수 우위,과매도 구간 기술적 반등 기대
2025-07-25,357580,아모센스,7500.0,10.139665498701966,📉 매도 우위,단기 과열권 도달 (고점 경고)
2025-07-25,006400,삼성SDI,189800.0,0.1597437517866651,📈 매수 우위,대형주 추세 눌림목 (Silent Titan)
2025-07-25,416180,신성에스티,46050.0,2.621816044606697,📈 매수 우위,과매도 구간 기술적 반등 기대
2025-07-25,000270,기아,104100.0,0.8455688936821393,📈 매수 우위,대형주 추세 눌림목 (Silent Titan)
2025-07-25,108320,LX세미콘,57300.0,7.760910744650455,📈 매수 우위,과매도 구간 기술적 반등 기대
2025-07-28,399720,가온칩스,51000.0,44.56527424239265,📉 매도 우위,단기 과열권 도달 (고점 경고)
2025-07-28,006400,삼성SDI,194500.0,1.2851314415877435,📈 매수 우위,대형주 추세 눌림목 (Silent Titan)
2025-07-28,460860,동국제강,10750.0,3.6922514419374015,📈 매수 우위,과매도 구간 기술적 반등 기대
2025-07-28,000270,기아,105500.0,0.1679144616618366,📈 매수 우위,대형주 추세 눌림목 (Silent Titan)
2025-07-28,950170,JTC,6810.0,3.4724627995225763,📈 매수 우위,과매도 구간 기술적 반등 기대
2025-07-29,004720,팜젠사이언스,4925.0,40.68958287111376,📉 매도 우위,단기 과열권 도달 (고점 경고)
2025-07-29,006400,삼성SDI,191100.0,0.1562246699059775,📈 매수 우위,대형주 추세 눌림목 (Silent Titan)
2025-07-29,060310,3S,1896.0,5.629266727575629,📈 매수 우위,과매도 구간 기술적 반등 기대
2025-07-29,000270,기아,105700.0,0.4554987617427942,📈 매수 우위,대형주 추세 눌림목 (Silent Titan)
2025-07-29,298020,효성티앤씨,237000.0,3.0840607291691464,📈 매수 우위,과매도 구간 기술적 반등 기대
2025-07-30,353200,대덕전자,23800.0,27.48867174059724,📉 매도 우위,단기 과열권 도달 (고점 경고)
2025-07-30,066570,LG전자,78700.0,0.8992242855851713,📈 매수 우위,대형주 추세 눌림목 (Silent Titan)
2025-07-30,185750,종근당,86400.0,2.961589465963886,📈 매수 우위,과매도 구간 기술적 반등 기대
2025-07-30,277810,레인보우로보틱스,281000.0,1.110432498181879,📈 매수 우위,대형주 추세 눌림목 (Silent Titan)
2025-07-30,416180,신성에스티,43300.0,2.7927782589610626,📈 매수 우위,과매도 구간 기술적 반등 기대
2025-07-31,038880,아이에이,227.0,11.18162649147848,📈 매수 우위,과매도 구간 기술적 반등 기대
2025-07-31,204320,HL만도,34800.0,3.72709112869194,📈 매수 우위,낙폭 과대 우량주 저점 매수
2025-07-31,041520,이엘씨,7380.0,2.9530665496425548,📈 매수 우위,과매도 구간 기술적 반등 기대
2025-07-31,067160,SOOP,79500.0,1.4236188432485282,📈 매수 우위,낙폭 과대 우량주 저점 매수
2025-07-31,077360,덕산하이메탈,4970.0,3.656029661941488,📈 매수 우위,과매도 구간 기술적 반등 기대
2025-08-01,038880,아이에이,264.0,24.540810899321787,📉 매도 우위,단기 과열권 도달 (고점 경고)
2025-08-01,009540,HD한국조선해양,343000.0,0.6046321814809057,📈 매수 우위,대형주 추세 눌림목 (Silent Titan)
2025-08-01,019680,대교,2130.0,5.143742172603072,📈 매수 우위,과매도 구간 기술적 반등 기대
2025-08-01,051900,LG생활건강,293000.0,8.036215623682493,📈 매수 우위,낙폭 과대 우량주 저점 매수
2025-08-01,305090,마이크로디지탈,10700.0,3.3799212062964505,📈 매수 우위,과매도 구간 기술적 반등 기대
2025-08-04,402490,그린리소스,16560.0,111.27636615613189,📉 매도 우위,단기 과열권 도달 (고점 경고)
2025-08-04,024090,디씨엠,12540.0,13.960797753199392,📈 매수 우위,과매도 구간 기술적 반등 기대
2025-08-04,300080,플리토,11440.0,7.365490306777186,📈 매수 우위,과매도 구간 기술적 반등 기대
2025-08-05,243840,신흥에스이씨,5000.0,91.89319660927748,📉 매도 우위,단기 과열권 도달 (고점 경고)
2025-08-05,009540,HD한국조선해양,356500.0,0.416016333862455,📈 매수 우위,대형주 추세 눌림목 (Silent Titan)
2025-08-05,418420,라온텍,4520.0,2.875934374959044,📈 매수 우위,과매도 구간 기술적 반등 기대
2025-08-05,308430,셀비온,24150.0,4.7153645306977285,📈 매수 우위,과매도 구간 기술적 반등 기대
2025-08-05,013890,지누스,20100.0,5.695289261283003,📈 매수 우위,과매도 구간 기술적 반등 기대
2025-08-06,104620,노랑풍선,6790.0,12.21355456283259,📉 매도 우위,단기 과열권 도달 (고점 경고)
2025-08-06,010660,화천기계,5110.0,5.557920759409153,📈 매수 우위,과매도 구간 기술적 반등 기대
2025-08-06,450080,에코프로머티,52200.0,3.101041752054924,📈 매수 우위,낙폭 과대 우량주 저점 매수
2025-08-06,049520,유아이엘,3530.0,5.433394117215786,📈 매수 우위,과매도 구간 기술적 반등 기대
2025-08-07,097230,HJ중공업,13700.0,9.860477878864192,📉 매도 우위,단기 과열권 도달 (고점 경고)
2025-08-07,083930,아바코,13500.0,4.242040972367588,📈 매수 우위,과매도 구간 기술적 반등 기대
2025-08-07,071320,지역난방공사,82800.0,4.901688446155634,📈 매수 우위,과매도 구간 기술적 반등 기대
2025-08-07,052330,코텍,9350.0,3.7944977971652896,📈 매수 우위,과매도 구간 기술적 반등 기대
2025-08-07,109740,디에스케이,8010.0,3.905740531639144,📈 매수 우위,과매도 구간 기술적 반등 기대
2025-08-08,365330,에스와이스틸텍,5660.0,21.11324161036913,📉 매도 우위,단기 과열권 도달 (고점 경고)
2025-08-08,005930,삼성전자,71800.0,0.8432093122866522,📈 매수 우위,대형주 추세 눌림목 (Silent Titan)
2025-08-08,095660,네오위즈,24700.0,4.677432568750596,📈 매수 우위,과매도 구간 기술적 반등 기대
2025-08-08,122900,아이마켓코리아,8100.0,19.85213940212208,📈 매수 우위,과매도 구간 기술적 반등 기대
2025-08-08,010660,화천기계,4945.0,2.7945060230505434,📈 매수 우위,과매도 구간 기술적 반등 기대
2025-08-11,348370,엔켐,87000.0,12.41402096076107,📉 매도 우위,단기 과열권 도달 (고점 경고)
2025-08-11,003230,삼양식품,1502000.0,0.2367260461794303,📈 매수 우위,대형주 추세 눌림목 (Silent Titan)
2025-08-11,123330,제닉,33500.0,3.04476407552016,📈 매수 우위,과매도 구간 기술적 반등 기대
2025-08-11,161890,한국콜마,80600.0,3.5070644425377644,📈 매수 우위,낙폭 과대 우량주 저점 매수
2025-08-11,035890,서희건설,1623.0,3.055384596172848,📈 매수 우위,과매도 구간 기술적 반등 기대
2025-08-12,230360,에코마케팅,14540.0,33.76245681214805,📉 매도 우위,단기 과열권 도달 (고점 경고)
2025-08-12,950140,잉글우드랩,13380.0,5.866021567765857,📈 매수 우위,과매도 구간 기술적 반등 기대
2025-08-12,139480,이마트,80000.0,2.102187360800143,📈 매수 우위,낙폭 과대 우량주 저점 매수
2025-08-12,086450,동국제약,17430.0,2.5700351326735262,📈 매수 우위,과매도 구간 기술적 반등 기대
2025-08-12,086900,메디톡스,120500.0,3.0999529914605906,📈 매수 우위,낙폭 과대 우량주 저점 매수
2025-08-13,034220,LG디스플레이,13290.0,23.0489125792168,📉 매도 우위,단기 과열권 도달 (고점 경고)
2025-08-13,071200,인피니트헬스케어,6350.0,7.144629077316076,📈 매수 우위,과매도 구간 기술적 반등 기대
2025-08-13,145020,휴젤,318000.0,1.2358088452246154,📈 매수 우위,낙폭 과대 우량주 저점 매수
2025-08-13,109960,AP헬스케어,453.0,2.959755294745951,📈 매수 우위,과매도 구간 기술적 반등 기대
2025-08-13,192820,코스맥스,191400.0,1.6990157406968938,📈 매수 우위,낙폭 과대 우량주 저점 매수
2025-08-14,007980,TP,1928.0,28.40738342306606,📉 매도 우위,단기 과열권 도달 (고점 경고)
2025-08-14,446840,지슨,1655.0,60.34919522834409,📈 매수 우위,과매도 구간 기술적 반등 기대
2025-08-14,018880,한온시스템,3160.0,18.72316977188149,📈 매수 우위,과매도 구간 기술적 반등 기대
2025-08-14,101160,월덱스,21050.0,13.201320898274036,📈 매수 우위,과매도 구간 기술적 반등 기대
2025-08-14,073010,케이에스피,4765.0,3.610096230589601,📈 매수 우위,과매도 구간 기술적 반등 기대
2025-08-18,008490,서흥,28000.0,121.65756500590552,📉 매도 우위,단기 과열권 도달 (고점 경고)
2025-08-18,084110,휴온스글로벌,42900.0,2.568000716622222,📈 매수 우위,과매도 구간 기술적 반등 기대
2025-08-18,080580,오킨스전자,6600.0,2.7566737690619374,📈 매수 우위,과매도 구간 기술적 반등 기대
2025-08-18,285490,노바텍,19940.0,2.904429493305772,📈 매수 우위,과매도 구간 기술적 반등 기대
2025-08-18,340570,티앤엘,55000.0,3.00974400760064,📈 매수 우위,과매도 구간 기술적 반등 기대
2025-08-19,462350,이노스페이스,11880.0,8.461892848047357,📈 매수 우위,과매도 구간 기술적 반등 기대
2025-08-19,179290,엠아이텍,6930.0,6.623776562847753,📈 매수 우위,과매도 구간 기술적 반등 기대
2025-08-19,190510,나무가,15590.0,3.704092637520488,📈 매수 우위,과매도 구간 기술적 반등 기대
2025-08-19,183490,엔지켐생명과학,968.0,3.339574544111485,📈 매수 우위,과매도 구간 기술적 반등 기대
2025-08-20,104460,디와이피엔에프,16700.0,3.487000739834854,📈 매수 우위,과매도 구간 기술적 반등 기대
2025-08-20,131290,티에스이,36800.0,3.328042451906326,📈 매수 우위,과매도 구간 기술적 반등 기대
2025-08-20,403550,쏘카,11940.0,4.317944766495082,📈 매수 우위,과매도 구간 기술적 반등 기대
2025-08-21,376930,노을,2170.0,76.58744303975988,📉 매도 우위,단기 과열권 도달 (고점 경고)
2025-08-21,032830,삼성생명,139400.0,1.119338647473475,📈 매수 우위,대형주 추세 눌림목 (Silent Titan)
2025-08-21,310200,애니플러스,5100.0,21.66665165694759,📈 매수 우위,과매도 구간 기술적 반등 기대
2025-08-21,206650,유바이오로직스,12820.0,2.5666190894562626,📈 매수 우위,과매도 구간 기술적 반등 기대
2025-08-22,052220,iMBC,4135.0,50.50316181112948,📉 매도 우위,단기 과열권 도달 (고점 경고)
2025-08-22,010140,삼성중공업,19850.0,1.4541718146134797,📈 매수 우위,대형주 추세 눌림목 (Silent Titan)
2025-08-22,083660,CSA 코스믹,1320.0,2.9312879290426417,📈 매수 우위,과매도 구간 기술적 반등 기대
2025-08-22,393970,대진첨단소재,6140.0,3.851101481878037,📈 매수 우위,과매도 구간 기술적 반등 기대
2025-08-25,437730,삼현,13450.0,13.37762294962366,📉 매도 우위,단기 과열권 도달 (고점 경고)
2025-08-25,067390,아스트,518.0,3.897721274034586,📈 매수 우위,과매도 구간 기술적 반등 기대
2025-08-26,391710,코닉오토메이션,2235.0,17.464129414780032,📉 매도 우위,단기 과열권 도달 (고점 경고)
2025-08-26,259960,크래프톤,337500.0,1.17410842305227,📈 매수 우위,대형주 추세 눌림목 (Silent Titan)
2025-08-26,002840,미원상사,139300.0,16.14314924475303,📈 매수 우위,과매도 구간 기술적 반등 기대
2025-08-26,005380,현대차,218500.0,0.1012153898324928,📈 매수 우위,대형주 추세 눌림목 (Silent Titan)
2025-08-26,010170,대한광통신,1135.0,5.230033848745683,📈 매수 우위,과매도 구간 기술적 반등 기대
2025-08-27,059090,미코,16550.0,17.60568409782497,📉 매도 우위,단기 과열권 도달 (고점 경고)
2025-08-27,007820,에스엠코어,4230.0,3.567418209876832,📈 매수 우위,과매도 구간 기술적 반등 기대
2025-08-27,338220,뷰노,19880.0,2.7716985617421304,📈 매수 우위,과매도 구간 기술적 반등 기대
2025-08-27,005160,동국산업,3260.0,4.443239142220216,📈 매수 우위,과매도 구간 기술적 반등 기대
2025-08-27,317830,에스피시스템스,8490.0,8.729946469334633,📈 매수 우위,과매도 구간 기술적 반등 기대
2025-08-28,241690,유니테크노,3565.0,130.93241540076664,📉 매도 우위,단기 과열권 도달 (고점 경고)
2025-08-28,032830,삼성생명,144100.0,0.3368595712614699,📈 매수 우위,대형주 추세 눌림목 (Silent Titan)
2025-08-28,348080,큐라티스,1100.0,2.6142660201198917,📈 매수 우위,과매도 구간 기술적 반등 기대
2025-08-28,005380,현대차,222000.0,0.025554986697951,📈 매수 우위,대형주 추세 눌림목 (Silent Titan)
2025-08-28,348150,고바이오랩,5680.0,4.118648920445743,📈 매수 우위,과매도 구간 기술적 반등 기대
2025-08-29,250060,모비스,2890.0,23.906359305226584,📉 매도 우위,단기 과열권 도달 (고점 경고)
2025-08-29,336370,솔루스첨단소재,7450.0,3.011662109349253,📈 매수 우위,과매도 구간 기술적 반등 기대
2025-08-29,048410,현대바이오,6080.0,1.3489784547408885,📈 매수 우위,낙폭 과대 우량주 저점 매수
2025-08-29,031440,신세계푸드,41000.0,3.4675373972955503,📈 매수 우위,과매도 구간 기술적 반등 기대
2025-08-29,119850,지엔씨에너지,28750.0,2.279261497959659,📈 매수 우위,낙폭 과대 우량주 저점 매수
2025-09-01,294630,서남,3315.0,161.07822565109106,📉 매도 우위,단기 과열권 도달 (고점 경고)
2025-09-01,012330,현대모비스,321500.0,0.8546398557035267,📈 매수 우위,대형주 추세 눌림목 (Silent Titan)
2025-09-01,052260,현대바이오랜드,4370.0,4.3746541283276175,📈 매수 우위,과매도 구간 기술적 반등 기대
2025-09-01,417010,나노팀,4675.0,3.084195811652559,📈 매수 우위,과매도 구간 기술적 반등 기대
2025-09-01,126340,비나텍,45000.0,2.633547680469343,📈 매수 우위,과매도 구간 기술적 반등 기대
2025-09-02,040350,크레오에스지,435.0,13.854431598300415,📉 매도 우위,단기 과열권 도달 (고점 경고)
2025-09-02,009150,삼성전기,169900.0,1.3567776248988803,📈 매수 우위,대형주 추세 눌림목 (Silent Titan)
2025-09-02,114840,아이패밀리에스씨,25250.0,2.871935937311521,📈 매수 우위,과매도 구간 기술적 반등 기대
2025-09-02,100090,SK오션플랜트,18900.0,6.282197191219873,📈 매수 우위,낙폭 과대 우량주 저점 매수
2025-09-02,047810,한국항공우주,97000.0,0.0099412721882604,📈 매수 우위,대형주 추세 눌림목 (Silent Titan)
2025-09-03,461030,아이엠비디엑스,9640.0,147.83005912218948,📉 매도 우위,단기 과열권 도달 (고점 경고)
2025-09-03,009150,삼성전기,174200.0,1.207472067224597,📈 매수 우위,대형주 추세 눌림목 (Silent Titan)
2025-09-03,105550,엣지파운드리,2290.0,6.293068712394318,📈 매수 우위,과매도 구간 기술적 반등 기대
2025-09-03,000810,삼성화재,457000.0,0.6988852592936928,📈 매수 우위,대형주 추세 눌림목 (Silent Titan)
2025-09-03,140410,메지온,46700.0,2.518699263784546,📈 매수 우위,과매도 구간 기술적 반등 기대
2025-09-04,033310,엠투엔,2195.0,298.25423741625707,📉 매도 우위,단기 과열권 도달 (고점 경고)
2025-09-04,012330,현대모비스,320500.0,0.2175858096308636,📈 매수 우위,대형주 추세 눌림목 (Silent Titan)
2025-09-04,009150,삼성전기,178400.0,0.9459757137607944,📈 매수 우위,대형주 추세 눌림목 (Silent Titan)
2025-09-04,028260,삼성물산,174300.0,0.0800131581850901,📈 매수 우위,대형주 추세 눌림목 (Silent Titan)
2025-09-05,248070,솔루엠,19120.0,34.672414569000125,📉 매도 우위,단기 과열권 도달 (고점 경고)
2025-09-05,009150,삼성전기,178200.0,0.09191267712597,📈 매수 우위,대형주 추세 눌림목 (Silent Titan)
2025-09-05,002720,국제약품,4530.0,2.8880854114407044,📈 매수 우위,과매도 구간 기술적 반등 기대
2025-09-05,018290,브이티,31650.0,2.670365299809565,📈 매수 우위,낙폭 과대 우량주 저점 매수
2025-09-05,065500,오리엔트정공,2835.0,4.779154710244111,📈 매수 우위,과매도 구간 기술적 반등 기대
2025-09-08,156100,엘앤케이바이오,9220.0,51.01502309983753,📉 매도 우위,단기 과열권 도달 (고점 경고)
2025-09-08,012330,현대모비스,323000.0,0.037392714503561,📈 매수 우위,대형주 추세 눌림목 (Silent Titan)
2025-09-08,000100,유한양행,121700.0,0.5011852413590607,📈 매수 우위,대형주 추세 눌림목 (Silent Titan)
2025-09-09,120030,조선선재,131500.0,156.1775561627581,📉 매도 우위,단기 과열권 도달 (고점 경고)
2025-09-09,028260,삼성물산,178500.0,0.4819767006563474,📈 매수 우위,대형주 추세 눌림목 (Silent Titan)
2025-09-09,315640,딥노이드,4905.0,5.7933851995531,📈 매수 우위,과매도 구간 기술적 반등 기대
2025-09-09,018260,삼성에스디에스,161300.0,0.2399223740879054,📈 매수 우위,대형주 추세 눌림목 (Silent Titan)
2025-09-09,041960,코미팜,6650.0,2.9347366498837806,📈 매수 우위,과매도 구간 기술적 반등 기대
2025-09-10,003480,한진중공업홀딩스,5800.0,82.89527377704955,📉 매도 우위,단기 과열권 도달 (고점 경고)
2025-09-10,032830,삼성생명,158600.0,0.5376328769499008,📈 매수 우위,대형주 추세 눌림목 (Silent Titan)
2025-09-10,191420,테고사이언스,16920.0,3.275350801958329,📈 매수 우위,과매도 구간 기술적 반등 기대
2025-09-10,028260,삼성물산,182400.0,0.5480305447051256,📈 매수 우위,대형주 추세 눌림목 (Silent Titan)
2025-09-10,000810,삼성화재,472000.0,0.9789812219866206,📈 매수 우위,대형주 추세 눌림목 (Silent Titan)
2025-09-11,126730,코칩,16920.0,51.9262658644787,📉 매도 우위,단기 과열권 도달 (고점 경고)
2025-09-11,064350,현대로템,212500.0,0.0097806664929209,📈 매수 우위,대형주 추세 눌림목 (Silent Titan)
2025-09-11,052020,에스티큐브,8300.0,2.9862411066986705,📈 매수 우위,과매도 구간 기술적 반등 기대
2025-09-11,323280,태성,28650.0,1.5190154363430906,📈 매수 우위,낙폭 과대 우량주 저점 매수
2025-09-11,032830,삼성생명,160900.0,0.6515401744510805,📈 매수 우위,대형주 추세 눌림목 (Silent Titan)
2025-09-12,008040,사조동아원,1379.0,353.9227623797576,📉 매도 우위,단기 과열권 도달 (고점 경고)
2025-09-12,009150,삼성전기,190400.0,0.9352833131756632,📈 매수 우위,대형주 추세 눌림목 (Silent Titan)
2025-09-12,119830,아이텍,6660.0,3.38521517978184,📈 매수 우위,과매도 구간 기술적 반등 기대
2025-09-12,082270,젬백스,53400.0,1.226989501463327,📈 매수 우위,낙폭 과대 우량주 저점 매수
2025-09-12,018260,삼성에스디에스,167100.0,0.0374298955841312,📈 매수 우위,대형주 추세 눌림목 (Silent Titan)
2025-09-15,090360,로보스타,36250.0,24.897387308510357,📉 매도 우위,단기 과열권 도달 (고점 경고)
2025-09-15,009150,삼성전기,189000.0,0.3852036946727362,📈 매수 우위,대형주 추세 눌림목 (Silent Titan)
2025-09-15,068240,다원시스,6120.0,3.1661969302890145,📈 매수 우위,과매도 구간 기술적 반등 기대
2025-09-15,086790,하나금융지주,90900.0,1.3486544750673326,📈 매수 우위,대형주 추세 눌림목 (Silent Titan)
2025-09-15,121600,나노신소재,50000.0,5.679079239689711,📈 매수 우위,과매도 구간 기술적 반등 기대
2025-09-16,089010,켐트로닉스,34100.0,48.64629481143517,📉 매도 우위,단기 과열권 도달 (고점 경고)
2025-09-16,009150,삼성전기,192900.0,0.5604391148576031,📈 매수 우위,대형주 추세 눌림목 (Silent Titan)
2025-09-16,321550,티움바이오,5810.0,3.2642659032236274,📈 매수 우위,과매도 구간 기술적 반등 기대
2025-09-16,145020,휴젤,309000.0,1.6087587373205952,📈 매수 우위,낙폭 과대 우량주 저점 매수
2025-09-16,028260,삼성물산,195900.0,0.0412623970447285,📈 매수 우위,대형주 추세 눌림목 (Silent Titan)
2025-09-17,476060,온코닉테라퓨틱스,44700.0,11.416261782609087,📉 매도 우위,단기 과열권 도달 (고점 경고)
2025-09-17,009150,삼성전기,192100.0,0.2789131141650648,📈 매수 우위,대형주 추세 눌림목 (Silent Titan)
2025-09-17,005930,삼성전자,78200.0,0.8241855100824557,📈 매수 우위,대형주 추세 눌림목 (Silent Titan)
2025-09-18,092870,엑시콘,17480.0,15.386051420679657,📉 매도 우위,단기 과열권 도달 (고점 경고)
2025-09-18,028260,삼성물산,196700.0,0.5099457535786811,📈 매수 우위,대형주 추세 눌림목 (Silent Titan)
2025-09-18,282880,코윈테크,17230.0,2.605447347447965,📈 매수 우위,과매도 구간 기술적 반등 기대
2025-09-18,035420,NAVER,238500.0,0.1025827483880523,📈 매수 우위,대형주 추세 눌림목 (Silent Titan)
2025-09-18,068240,다원시스,5480.0,2.7078317752186587,📈 매수 우위,과매도 구간 기술적 반등 기대
2025-09-19,251370,와이엠티,18170.0,37.86898277210499,📉 매도 우위,단기 과열권 도달 (고점 경고)
2025-09-19,009150,삼성전기,197700.0,0.480280187823735,📈 매수 우위,대형주 추세 눌림목 (Silent Titan)
2025-09-19,418420,라온텍,5060.0,4.212714550974787,📈 매수 우위,과매도 구간 기술적 반등 기대
2025-09-19,005930,삼성전자,79700.0,0.8253829921405873,📈 매수 우위,대형주 추세 눌림목 (Silent Titan)
2025-09-19,452430,사피엔반도체,28800.0,4.7908273069177625,📈 매수 우위,과매도 구간 기술적 반등 기대
2025-09-22,461300,아이스크림미디어,26300.0,11.343711771718286,📉 매도 우위,단기 과열권 도달 (고점 경고)
2025-09-22,009150,삼성전기,207000.0,1.0997396998755116,📈 매수 우위,대형주 추세 눌림목 (Silent Titan)
2025-09-22,052020,에스티큐브,7400.0,4.500830919010833,📈 매수 우위,과매도 구간 기술적 반등 기대
2025-09-22,119850,지엔씨에너지,30250.0,3.37600984181485,📈 매수 우위,낙폭 과대 우량주 저점 매수
2025-09-22,042700,한미반도체,93200.0,0.1027297187984417,📈 매수 우위,대형주 추세 눌림목 (Silent Titan)
2025-09-23,405100,큐알티,19150.0,20.017091967370764,📉 매도 우위,단기 과열권 도달 (고점 경고)
2025-09-23,005930,삼성전자,84700.0,1.394033762957012,📈 매수 우위,대형주 추세 눌림목 (Silent Titan)
2025-09-23,112290,와이씨켐,21050.0,13.455338628957549,📈 매수 우위,과매도 구간 기술적 반등 기대
2025-09-23,051900,LG생활건강,284000.0,1.0944788659662072,📈 매수 우위,낙폭 과대 우량주 저점 매수
2025-09-23,042700,한미반도체,96000.0,1.4733820679436005,📈 매수 우위,대형주 추세 눌림목 (Silent Titan)
2025-09-24,041910,폴라리스AI파마,8130.0,118.23399012893616,📉 매도 우위,단기 과열권 도달 (고점 경고)
2025-09-24,005930,삼성전자,85400.0,0.5190026177194137,📈 매수 우위,대형주 추세 눌림목 (Silent Titan)
2025-09-24,335890,비올,20800.0,9.857191148590507,📈 매수 우위,과매도 구간 기술적 반등 기대
2025-09-24,042700,한미반도체,96200.0,0.6352399176601147,📈 매수 우위,대형주 추세 눌림목 (Silent Titan)
2025-09-24,001530,DI동일,21500.0,9.14314746927452,📈 매수 우위,과매도 구간 기술적 반등 기대
2025-09-25,462520,조선내화,17180.0,17.667624403756136,📉 매도 우위,단기 과열권 도달 (고점 경고)
2025-09-25,005930,삼성전자,86100.0,0.7501942685037238,📈 매수 우위,대형주 추세 눌림목 (Silent Titan)
2025-09-25,126340,비나텍,45400.0,3.084917502101107,📈 매수 우위,과매도 구간 기술적 반등 기대
2025-09-25,119850,지엔씨에너지,30800.0,1.184092677300043,📈 매수 우위,낙폭 과대 우량주 저점 매수
2025-09-25,042700,한미반도체,94100.0,0.1261227846971873,📈 매수 우위,대형주 추세 눌림목 (Silent Titan)
2025-09-26,145170,노브랜드,5650.0,47.90703743440351,📉 매도 우위,단기 과열권 도달 (고점 경고)
2025-09-26,005930,삼성전자,83300.0,1.3387024164277723,📈 매수 우위,대형주 추세 눌림목 (Silent Titan)
2025-09-26,010580,에스엠벡셀,2520.0,22.910165970523003,📈 매수 우위,과매도 구간 기술적 반등 기대
2025-09-26,068760,셀트리온제약,54700.0,2.139765684863796,📈 매수 우위,낙폭 과대 우량주 저점 매수
2025-09-26,055550,신한지주,69200.0,0.4621881157539163,📈 매수 우위,대형주 추세 눌림목 (Silent Titan)
2025-09-29,393970,대진첨단소재,7010.0,23.815673517251263,📉 매도 우위,단기 과열권 도달 (고점 경고)
2025-09-29,055550,신한지주,70900.0,0.0158435502542291,📈 매수 우위,대형주 추세 눌림목 (Silent Titan)
2025-09-29,060590,씨티씨바이오,6230.0,6.9588444020043605,📈 매수 우위,과매도 구간 기술적 반등 기대
2025-09-29,068270,셀트리온,178600.0,0.0800375406774757,📈 매수 우위,대형주 추세 눌림목 (Silent Titan)
2025-09-29,069080,웹젠,13500.0,2.606596828976644,📈 매수 우위,과매도 구간 기술적 반등 기대
2025-09-30,424870,이뮨온시아,6470.0,21.22967445033972,📉 매도 우위,단기 과열권 도달 (고점 경고)
2025-09-30,005930,삼성전자,83900.0,0.110832459266749,📈 매수 우위,대형주 추세 눌림목 (Silent Titan)
2025-09-30,950130,엑세스바이오,3905.0,2.6602788454695263,📈 매수 우위,과매도 구간 기술적 반등 기대
2025-09-30,094480,갤럭시아머니트리,10950.0,1.150827074568048,📈 매수 우위,낙폭 과대 우량주 저점 매수
2025-09-30,012450,한화에어로스페이스,1107000.0,1.231054594875729,📈 매수 우위,대형주 추세 눌림목 (Silent Titan)
2025-10-01,003160,디아이,19390.0,67.64254596757611,📉 매도 우위,단기 과열권 도달 (고점 경고)
2025-10-01,005930,삼성전자,86000.0,1.0529604967379953,📈 매수 우위,대형주 추세 눌림목 (Silent Titan)
2025-10-01,006060,화승인더,3695.0,2.7637817361453303,📈 매수 우위,과매도 구간 기술적 반등 기대
2025-10-01,008770,호텔신라,49700.0,1.1538681274001783,📈 매수 우위,낙폭 과대 우량주 저점 매수
2025-10-01,257720,실리콘투,47400.0,0.3173181493351931,📈 매수 우위,대형주 추세 눌림목 (Silent Titan)
2025-10-02,240810,원익IPS,56700.0,10.487754547500202,📉 매도 우위,단기 과열권 도달 (고점 경고)
2025-10-02,003670,포스코퓨처엠,146500.0,0.0082856212394267,📈 매수 우위,대형주 추세 눌림목 (Silent Titan)
2025-10-02,194700,노바렉스,19050.0,5.956364782112729,📈 매수 우위,과매도 구간 기술적 반등 기대
2025-10-02,055550,신한지주,71400.0,1.1880269442345586,📈 매수 우위,대형주 추세 눌림목 (Silent Titan)
2025-10-02,025620,제이준코스메틱,13990.0,29.41530821104956,📈 매수 우위,과매도 구간 기술적 반등 기대
2025-10-10,138080,오이솔루션,12150.0,102.39419089250728,📉 매도 우위,단기 과열권 도달 (고점 경고)
2025-10-10,003670,포스코퓨처엠,146300.0,0.1134261254017964,📈 매수 우위,대형주 추세 눌림목 (Silent Titan)
2025-10-10,372320,큐로셀,39950.0,14.952552913172624,📈 매수 우위,과매도 구간 기술적 반등 기대
2025-10-10,145020,휴젤,275000.0,2.0427990516308983,📈 매수 우위,낙폭 과대 우량주 저점 매수
2025-10-10,010140,삼성중공업,22400.0,0.0446785822471796,📈 매수 우위,대형주 추세 눌림목 (Silent Titan)
2025-10-13,000910,유니온,5930.0,27.12109420724343,📉 매도 우위,단기 과열권 도달 (고점 경고)
2025-10-13,005930,삼성전자,93300.0,1.0137011020021558,📈 매수 우위,대형주 추세 눌림목 (Silent Titan)
2025-10-13,005430,한국공항,63600.0,3.5676568995137523,📈 매수 우위,과매도 구간 기술적 반등 기대
2025-10-13,145020,휴젤,268000.0,1.0560919874798864,📈 매수 우위,낙폭 과대 우량주 저점 매수
2025-10-13,023450,동남합성,31750.0,2.694800857327483,📈 매수 우위,과매도 구간 기술적 반등 기대
2025-10-14,010130,고려아연,1386000.0,11.299039460257983,📉 매도 우위,단기 과열권 도달 (고점 경고)
2025-10-14,005380,현대차,223000.0,0.6549182599024763,📈 매수 우위,대형주 추세 눌림목 (Silent Titan)
2025-10-14,122640,예스티,18500.0,2.5962648615993738,📈 매수 우위,과매도 구간 기술적 반등 기대
2025-10-14,499790,GS피앤엘,41500.0,1.0537984120359198,📈 매수 우위,낙폭 과대 우량주 저점 매수
2025-10-14,304360,에스바이오메딕스,25950.0,16.790458841073942,📈 매수 우위,과매도 구간 기술적 반등 기대
2025-10-15,455900,엔젤로보틱스,30500.0,16.589888429242354,📉 매도 우위,단기 과열권 도달 (고점 경고)
2025-10-15,005930,삼성전자,95000.0,0.622569621910098,📈 매수 우위,대형주 추세 눌림목 (Silent Titan)
2025-10-15,015760,한국전력,39350.0,0.5470017344104584,📈 매수 우위,대형주 추세 눌림목 (Silent Titan)
2025-10-16,084110,휴온스글로벌,58500.0,8.57232205698684,📉 매도 우위,단기 과열권 도달 (고점 경고)
2025-10-16,267260,HD현대일렉트릭,685000.0,0.2156268698118514,📈 매수 우위,대형주 추세 눌림목 (Silent Titan)
2025-10-16,029480,광무,2415.0,8.653495008309948,📈 매수 우위,과매도 구간 기술적 반등 기대
2025-10-16,499790,GS피앤엘,40250.0,2.2329947979907026,📈 매수 우위,낙폭 과대 우량주 저점 매수
2025-10-16,207940,삼성바이오로직스,1133000.0,0.408145369085829,📈 매수 우위,대형주 추세 눌림목 (Silent Titan)
2025-10-17,450950,아스테라시스,14800.0,86.90225639281707,📉 매도 우위,단기 과열권 도달 (고점 경고)
2025-10-17,005380,현대차,243000.0,0.905389115455961,📈 매수 우위,대형주 추세 눌림목 (Silent Titan)
2025-10-17,054780,키이스트,4905.0,5.609899264970364,📈 매수 우위,과매도 구간 기술적 반등 기대
2025-10-17,119850,지엔씨에너지,35800.0,1.0622156754810002,📈 매수 우위,낙폭 과대 우량주 저점 매수
2025-10-17,005930,삼성전자,97900.0,0.918796618042866,📈 매수 우위,대형주 추세 눌림목 (Silent Titan)
2025-10-20,042600,새로닉스,15400.0,43.84116085275783,📉 매도 우위,단기 과열권 도달 (고점 경고)
2025-10-20,005930,삼성전자,98100.0,0.2971658559151945,📈 매수 우위,대형주 추세 눌림목 (Silent Titan)
2025-10-20,033920,무학,7560.0,16.52130225518192,📈 매수 우위,과매도 구간 기술적 반등 기대
2025-10-20,000270,기아,114500.0,1.1633614499076304,📈 매수 우위,대형주 추세 눌림목 (Silent Titan)
2025-10-20,207940,삼성바이오로직스,1135000.0,0.9720220253941768,📈 매수 우위,대형주 추세 눌림목 (Silent Titan)
2025-10-21,033530,SJG세종,8790.0,29.84587060623896,📉 매도 우위,단기 과열권 도달 (고점 경고)
2025-10-21,005930,삼성전자,97500.0,0.971267406885893,📈 매수 우위,대형주 추세 눌림목 (Silent Titan)
2025-10-21,037070,파세코,6300.0,3.96221237594624,📈 매수 우위,과매도 구간 기술적 반등 기대
2025-10-21,358570,지아이이노베이션,15650.0,1.8482801569995664,📈 매수 우위,낙폭 과대 우량주 저점 매수
2025-10-21,267260,HD현대일렉트릭,678000.0,0.0200413174226303,📈 매수 우위,대형주 추세 눌림목 (Silent Titan)
2025-10-22,005380,현대차,261000.0,1.348505667033661,📈 매수 우위,대형주 추세 눌림목 (Silent Titan)
2025-10-22,068240,다원시스,4270.0,19.5676235354494,📈 매수 우위,과매도 구간 기술적 반등 기대
2025-10-22,207940,삼성바이오로직스,1173000.0,0.7562337092744404,📈 매수 우위,대형주 추세 눌림목 (Silent Titan)
2025-10-22,013580,계룡건설,17450.0,5.661431812728441,📈 매수 우위,과매도 구간 기술적 반등 기대
2025-10-22,000270,기아,118100.0,1.2685130441654722,📈 매수 우위,대형주 추세 눌림목 (Silent Titan)
2025-10-23,049630,재영솔루텍,1132.0,34.88755531052035,📉 매도 우위,단기 과열권 도달 (고점 경고)
2025-10-23,207940,삼성바이오로직스,1162000.0,0.2077700567904492,📈 매수 우위,대형주 추세 눌림목 (Silent Titan)
2025-10-23,115180,큐리언트,19000.0,4.301423973249234,📈 매수 우위,과매도 구간 기술적 반등 기대
2025-10-23,005380,현대차,252000.0,0.8769523113675666,📈 매수 우위,대형주 추세 눌림목 (Silent Titan)
2025-10-23,005930,삼성전자,96500.0,0.3667331471318627,📈 매수 우위,대형주 추세 눌림목 (Silent Titan)
2025-10-24,103590,일진전기,50900.0,10.35641271563973,📉 매도 우위,단기 과열권 도달 (고점 경고)
2025-10-24,207940,삼성바이오로직스,1178000.0,0.0047377218897536,📈 매수 우위,대형주 추세 눌림목 (Silent Titan)
2025-10-24,003780,진양산업,6530.0,15.367890253724022,📈 매수 우위,과매도 구간 기술적 반등 기대
2025-10-24,005380,현대차,252500.0,0.4883502727032214,📈 매수 우위,대형주 추세 눌림목 (Silent Titan)
2025-10-24,007690,국도화학,34050.0,3.152862689777413,📈 매수 우위,과매도 구간 기술적 반등 기대
2025-10-27,085660,차바이오텍,13240.0,25.192892745730443,📉 매도 우위,단기 과열권 도달 (고점 경고)
2025-10-27,207940,삼성바이오로직스,1208000.0,1.1647632260948615,📈 매수 우위,대형주 추세 눌림목 (Silent Titan)
2025-10-27,005950,이수화학,11130.0,8.480464265675975,📈 매수 우위,과매도 구간 기술적 반등 기대
2025-10-27,005380,현대차,254500.0,0.438093452473122,📈 매수 우위,대형주 추세 눌림목 (Silent Titan)
2025-10-27,305090,마이크로디지탈,8260.0,4.994461837921509,📈 매수 우위,과매도 구간 기술적 반등 기대
2025-10-28,460940,피앤에스로보틱스,21300.0,15.180846708558446,📉 매도 우위,단기 과열권 도달 (고점 경고)
2025-10-28,005490,POSCO홀딩스,322000.0,0.9158997563014613,📈 매수 우위,대형주 추세 눌림목 (Silent Titan)
2025-10-28,443250,레뷰코퍼레이션,10060.0,4.650585251180685,📈 매수 우위,과매도 구간 기술적 반등 기대
2025-10-28,005380,현대차,250500.0,0.1856283146497088,📈 매수 우위,대형주 추세 눌림목 (Silent Titan)
2025-10-28,005930,삼성전자,99500.0,0.5414563900743811,📈 매수 우위,대형주 추세 눌림목 (Silent Titan)
2025-10-29,050890,쏠리드,8890.0,40.77643873831553,📉 매도 우위,단기 과열권 도달 (고점 경고)
2025-10-29,066570,LG전자,88800.0,0.2018966491597696,📈 매수 우위,대형주 추세 눌림목 (Silent Titan)
2025-10-29,045390,대아티아이,4420.0,4.708204265008508,📈 매수 우위,과매도 구간 기술적 반등 기대
2025-10-29,017800,현대엘리베이터,80700.0,17.434996214559757,📈 매수 우위,낙폭 과대 우량주 저점 매수
2025-10-29,005380,현대차,258000.0,0.8833326258937523,📈 매수 우위,대형주 추세 눌림목 (Silent Titan)
2025-10-30,123690,한국화장품,12750.0,84.1397868956721,📉 매도 우위,단기 과열권 도달 (고점 경고)
2025-10-30,066570,LG전자,87600.0,0.2655082749625219,📈 매수 우위,대형주 추세 눌림목 (Silent Titan)
2025-10-30,054950,제이브이엠,28050.0,5.791416018549719,📈 매수 우위,과매도 구간 기술적 반등 기대
2025-10-30,003570,SNT다이내믹스,55600.0,1.8808107586097684,📈 매수 우위,낙폭 과대 우량주 저점 매수
2025-10-30,270520,앱튼,657.0,6.082985836959593,📈 매수 우위,과매도 구간 기술적 반등 기대
2025-10-31,009420,한올바이오파마,41400.0,22.08241322649457,📉 매도 우위,단기 과열권 도달 (고점 경고)
2025-10-31,005490,POSCO홀딩스,310500.0,1.161368519091648,📈 매수 우위,대형주 추세 눌림목 (Silent Titan)
2025-10-31,298050,HS효성첨단소재,185200.0,6.296928441619651,📈 매수 우위,과매도 구간 기술적 반등 기대
2025-10-31,066570,LG전자,87600.0,0.8572902348572077,📈 매수 우위,대형주 추세 눌림목 (Silent Titan)
2025-10-31,216050,인크로스,6830.0,9.562296728285322,📈 매수 우위,과매도 구간 기술적 반등 기대
2025-11-03,161580,필옵틱스,51200.0,15.375109174295932,📉 매도 우위,단기 과열권 도달 (고점 경고)
2025-11-03,000270,기아,117700.0,0.8364263640709639,📈 매수 우위,대형주 추세 눌림목 (Silent Titan)
2025-11-03,038540,상상인,1839.0,2.537503469293739,📈 매수 우위,과매도 구간 기술적 반등 기대
2025-11-03,005490,POSCO홀딩스,311500.0,0.6998615216973088,📈 매수 우위,대형주 추세 눌림목 (Silent Titan)
2025-11-03,064550,바이오니아,14530.0,2.707284776580673,📈 매수 우위,과매도 구간 기술적 반등 기대
2025-11-04,067630,HLB생명과학,4770.0,39.95930996010287,📉 매도 우위,단기 과열권 도달 (고점 경고)
2025-11-04,055550,신한지주,76400.0,0.7338998124638731,📈 매수 우위,대형주 추세 눌림목 (Silent Titan)
2025-11-04,004800,효성,140700.0,2.5452109057136907,📈 매수 우위,과매도 구간 기술적 반등 기대
2025-11-04,064400,LG씨엔에스,66200.0,1.996110035465392,📈 매수 우위,낙폭 과대 우량주 저점 매수
2025-11-04,005490,POSCO홀딩스,312500.0,0.1022917523872415,📈 매수 우위,대형주 추세 눌림목 (Silent Titan)
2025-11-05,382150,온코크로스,10170.0,47.06867669804908,📉 매도 우위,단기 과열권 도달 (고점 경고)
2025-11-05,105560,KB금융,121600.0,1.4289455834858675,📈 매수 우위,대형주 추세 눌림목 (Silent Titan)
2025-11-05,402030,코난테크놀로지,25950.0,3.032492787324999,📈 매수 우위,과매도 구간 기술적 반등 기대
2025-11-05,145020,휴젤,228500.0,3.6567675346570994,📈 매수 우위,낙폭 과대 우량주 저점 매수
2025-11-05,005490,POSCO홀딩스,305500.0,0.8609886705205306,📈 매수 우위,대형주 추세 눌림목 (Silent Titan)
2025-11-06,098460,고영,20100.0,66.33138862890402,📉 매도 우위,단기 과열권 도달 (고점 경고)
2025-11-06,055550,신한지주,79200.0,1.342528996175486,📈 매수 우위,대형주 추세 눌림목 (Silent Titan)
2025-11-06,228760,지노믹트리,24100.0,4.063785944000855,📈 매수 우위,과매도 구간 기술적 반등 기대
2025-11-06,145020,휴젤,217500.0,1.7548521578248766,📈 매수 우위,낙폭 과대 우량주 저점 매수
2025-11-06,044990,에이치엔에스하이텍,13490.0,4.872642886777716,📈 매수 우위,과매도 구간 기술적 반등 기대
2025-11-07,950140,잉글우드랩,15730.0,64.37209779155978,📉 매도 우위,단기 과열권 도달 (고점 경고)
2025-11-07,055550,신한지주,77400.0,1.207500836982089,📈 매수 우위,대형주 추세 눌림목 (Silent Titan)
2025-11-07,092190,서울바이오시스,2465.0,6.4570232658888544,📈 매수 우위,과매도 구간 기술적 반등 기대
2025-11-07,122870,와이지엔터테인먼트,72000.0,4.379425483455483,📈 매수 우위,낙폭 과대 우량주 저점 매수
2025-11-07,416180,신성에스티,40200.0,3.268150621908056,📈 매수 우위,과매도 구간 기술적 반등 기대
2025-11-10,408920,메쎄이상,3220.0,56.52223730607038,📉 매도 우위,단기 과열권 도달 (고점 경고)
2025-11-10,321550,티움바이오,7660.0,4.35836381548826,📈 매수 우위,과매도 구간 기술적 반등 기대
2025-11-10,161890,한국콜마,66000.0,6.132027741671417,📈 매수 우위,낙폭 과대 우량주 저점 매수
2025-11-10,001360,삼성제약,1467.0,8.096787109546941,📈 매수 우위,과매도 구간 기술적 반등 기대
2025-11-10,122870,와이지엔터테인먼트,67100.0,3.311300901731182,📈 매수 우위,낙폭 과대 우량주 저점 매수
2025-11-11,323280,태성,40650.0,10.429151623037528,📉 매도 우위,단기 과열권 도달 (고점 경고)
2025-11-11,067000,조이시티,1716.0,3.108837533615461,📈 매수 우위,과매도 구간 기술적 반등 기대
2025-11-11,161890,한국콜마,63600.0,4.933737808833485,📈 매수 우위,낙폭 과대 우량주 저점 매수
2025-11-11,078340,컴투스,32050.0,3.0842996446704136,📈 매수 우위,과매도 구간 기술적 반등 기대
2025-11-11,043150,바텍,20850.0,3.81410647007577,📈 매수 우위,과매도 구간 기술적 반등 기대
2025-11-12,163730,핑거,12820.0,39.77448760124162,📉 매도 우위,단기 과열권 도달 (고점 경고)
2025-11-12,105560,KB금융,134700.0,0.9996862270496116,📈 매수 우위,대형주 추세 눌림목 (Silent Titan)
2025-11-12,009450,경동나비엔,62000.0,11.465499735539966,📈 매수 우위,과매도 구간 기술적 반등 기대
2025-11-12,086790,하나금융지주,96400.0,0.6052223230888817,📈 매수 우위,대형주 추세 눌림목 (Silent Titan)
2025-11-13,014970,삼륭물산,7260.0,79.08014423421587,📉 매도 우위,단기 과열권 도달 (고점 경고)
2025-11-13,336370,솔루스첨단소재,10970.0,3.3376652675893603,📈 매수 우위,과매도 구간 기술적 반등 기대
2025-11-13,338220,뷰노,24250.0,2.974248886558345,📈 매수 우위,과매도 구간 기술적 반등 기대
2025-11-13,067000,조이시티,1608.0,3.3189537505919837,📈 매수 우위,과매도 구간 기술적 반등 기대
2025-11-14,008490,서흥,24000.0,10.51513194092288,📈 매수 우위,과매도 구간 기술적 반등 기대
2025-11-14,071970,HD현대마린엔진,81300.0,3.4353633515751625,📈 매수 우위,낙폭 과대 우량주 저점 매수
2025-11-14,036630,세종텔레콤,8760.0,44.603989085696725,📈 매수 우위,과매도 구간 기술적 반등 기대
2025-11-14,014620,성광벤드,28800.0,2.013676901135364,📈 매수 우위,낙폭 과대 우량주 저점 매수
2025-11-14,101160,월덱스,23250.0,4.536024723425668,📈 매수 우위,과매도 구간 기술적 반등 기대
2025-11-17,105560,KB금융,126800.0,0.8535575236122892,📈 매수 우위,대형주 추세 눌림목 (Silent Titan)
2025-11-17,013310,아진산업,2905.0,3.191358286474168,📈 매수 우위,과매도 구간 기술적 반등 기대
2025-11-17,017960,한국카본,28200.0,2.8059307682490555,📈 매수 우위,낙폭 과대 우량주 저점 매수
2025-11-17,068270,셀트리온,189900.0,0.9465365365763784,📈 매수 우위,대형주 추세 눌림목 (Silent Titan)
2025-11-17,214270,FSN,1882.0,9.49407365585954,📈 매수 우위,과매도 구간 기술적 반등 기대
2025-11-18,081180,쎄크,11070.0,27.196097707059312,📉 매도 우위,단기 과열권 도달 (고점 경고)
2025-11-18,068290,삼성출판사,14370.0,10.816908527718562,📈 매수 우위,과매도 구간 기술적 반등 기대
2025-11-18,005830,DB손해보험,122100.0,1.6969607832233522,📈 매수 우위,낙폭 과대 우량주 저점 매수
2025-11-18,033500,동성화인텍,27200.0,3.975731081933005,📈 매수 우위,과매도 구간 기술적 반등 기대
2025-11-18,163280,에어레인,16270.0,22.682359328800263,📈 매수 우위,과매도 구간 기술적 반등 기대
2025-11-19,078890,가온그룹,4545.0,4.15896639117879,📈 매수 우위,과매도 구간 기술적 반등 기대
2025-11-20,011150,CJ씨푸드,2870.0,3.215404278237708,📈 매수 우위,과매도 구간 기술적 반등 기대
2025-11-20,036570,엔씨소프트,187000.0,3.1659821823590684,📈 매수 우위,낙폭 과대 우량주 저점 매수
2025-11-21,068330,일신바이오,1852.0,9.895558713225848,📉 매도 우위,단기 과열권 도달 (고점 경고)
2025-11-21,128820,대성산업,4190.0,3.3013963069974426,📈 매수 우위,과매도 구간 기술적 반등 기대
2025-11-21,014710,사조씨푸드,8420.0,2.552206709128049,📈 매수 우위,과매도 구간 기술적 반등 기대
2025-11-21,018470,조일알미늄,1250.0,2.782895777462818,📈 매수 우위,과매도 구간 기술적 반등 기대
2025-11-23,000070,삼양홀딩스,59200.0,3.089739335925772,📈 매수 우위,과매도 구간 기술적 반등 기대
2025-11-23,443060,HD현대마린솔루션,187800.0,1.4519268557749845,📈 매수 우위,낙폭 과대 우량주 저점 매수
2025-11-23,049430,코메론,11910.0,3.356291444000476,📈 매수 우위,과매도 구간 기술적 반등 기대
2025-11-23,041440,현대에버다임,8210.0,5.860445308594577,📈 매수 우위,과매도 구간 기술적 반등 기대
2025-11-23,173130,오파스넷,6450.0,5.108079293216305,📈 매수 우위,과매도 구간 기술적 반등 기대
2025-11-24,008830,대동기어,19100.0,21.235973296523,📉 매도 우위,단기 과열권 도달 (고점 경고)
2025-11-24,000070,삼양홀딩스,62800.0,23.723434374068347,📈 매수 우위,과매도 구간 기술적 반등 기대
2025-11-24,021240,코웨이,85700.0,2.25968688168632,📈 매수 우위,낙폭 과대 우량주 저점 매수
2025-11-24,007160,사조산업,49750.0,2.68570064348374,📈 매수 우위,과매도 구간 기술적 반등 기대
2025-11-24,018670,SK가스,246500.0,2.907986444402379,📈 매수 우위,과매도 구간 기술적 반등 기대
2025-11-25,049430,코메론,11910.0,3.0337811035795483,📈 매수 우위,과매도 구간 기술적 반등 기대
2025-11-25,173130,오파스넷,6450.0,4.0728173660910025,📈 매수 우위,과매도 구간 기술적 반등 기대
2025-11-26,093320,케이아이엔엑스,112100.0,23.518582186363183,📉 매도 우위,단기 과열권 도달 (고점 경고)
2025-11-26,005490,POSCO홀딩스,317500.0,0.3260956340911631,📈 매수 우위,대형주 추세 눌림목 (Silent Titan)
2025-11-26,462350,이노스페이스,9980.0,9.16582489887195,📈 매수 우위,과매도 구간 기술적 반등 기대
2025-11-26,099320,쎄트렉아이,50300.0,3.1067788778852248,📈 매수 우위,과매도 구간 기술적 반등 기대
2025-11-26,004990,롯데지주,27750.0,4.115296902124043,📈 매수 우위,과매도 구간 기술적 반등 기대
2025-11-27,205500,넥써쓰,2320.0,3.786179955864,📈 매수 우위,과매도 구간 기술적 반등 기대
2025-11-27,051900,LG생활건강,279500.0,1.88240731886196,📈 매수 우위,낙폭 과대 우량주 저점 매수
2025-11-27,338100,NH프라임리츠,4515.0,10.63836296700459,📈 매수 우위,과매도 구간 기술적 반등 기대
2025-11-28,389500,에스비비테크,34600.0,8.985873949917165,📉 매도 우위,단기 과열권 도달 (고점 경고)
2025-11-28,005800,신영와코루,15200.0,8.910998290954856,📈 매수 우위,과매도 구간 기술적 반등 기대
2025-12-01,012610,경인양행,3330.0,526.357172797623,📉 매도 우위,단기 과열권 도달 (고점 경고)
2025-12-01,035610,솔본,3610.0,10.097494794336296,📈 매수 우위,과매도 구간 기술적 반등 기대
2025-12-01,089890,코세스,28250.0,3.4578233373659426,📈 매수 우위,과매도 구간 기술적 반등 기대
2025-12-02,084990,헬릭스미스,8500.0,10.855566621315434,📉 매도 우위,단기 과열권 도달 (고점 경고)
2025-12-02,250060,모비스,2720.0,9.784087649276072,📈 매수 우위,과매도 구간 기술적 반등 기대
2025-12-02,140670,알에스오토메이션,12880.0,2.524001658378924,📈 매수 우위,과매도 구간 기술적 반등 기대
2025-12-02,311690,CJ 바이오사이언스,8990.0,5.654302312683976,📈 매수 우위,과매도 구간 기술적 반등 기대
2025-12-03,049950,미래컴퍼니,21400.0,17.810157847804184,📉 매도 우위,단기 과열권 도달 (고점 경고)
2025-12-03,079160,CJ CGV,5710.0,3.808956597686055,📈 매수 우위,과매도 구간 기술적 반등 기대
2025-12-03,204620,글로벌텍스프리,4830.0,1.6955517832408369,📈 매수 우위,낙폭 과대 우량주 저점 매수
2025-12-03,246720,아스타,8120.0,5.4632694000868085,📈 매수 우위,과매도 구간 기술적 반등 기대
2025-12-04,065660,안트로젠,36200.0,13.029353596505954,📉 매도 우위,단기 과열권 도달 (고점 경고)
2025-12-04,128820,대성산업,5430.0,8.693002912471794,📈 매수 우위,과매도 구간 기술적 반등 기대
2025-12-04,476060,온코닉테라퓨틱스,19080.0,1.2998521596639454,📈 매수 우위,낙폭 과대 우량주 저점 매수
2025-12-04,126730,코칩,16470.0,2.532184491875083,📈 매수 우위,과매도 구간 기술적 반등 기대
2025-12-04,347700,스피어,7320.0,3.070474176560017,📈 매수 우위,과매도 구간 기술적 반등 기대
2025-12-05,094360,칩스앤미디어,19380.0,59.64986645430572,📉 매도 우위,단기 과열권 도달 (고점 경고)
2025-12-05,105560,KB금융,130700.0,0.0796226602988623,📈 매수 우위,대형주 추세 눌림목 (Silent Titan)
2025-12-05,389650,넥스트바이오메디컬,88500.0,2.9227386273129743,📈 매수 우위,과매도 구간 기술적 반등 기대
2025-12-05,006040,동원산업,42700.0,4.925713362886488,📈 매수 우위,과매도 구간 기술적 반등 기대
2025-12-05,348080,큐라티스,1115.0,3.118955162632207,📈 매수 우위,과매도 구간 기술적 반등 기대
2025-12-08,331740,아우토크립트,15250.0,14.167807313012393,📉 매도 우위,단기 과열권 도달 (고점 경고)
2025-12-08,000270,기아,125600.0,1.036867552398238,📈 매수 우위,대형주 추세 눌림목 (Silent Titan)
2025-12-08,025950,동신건설,20900.0,4.94595421246463,📈 매수 우위,과매도 구간 기술적 반등 기대
2025-12-08,030200,KT,51500.0,2.860854774520666,📈 매수 우위,낙폭 과대 우량주 저점 매수
2025-12-08,215600,신라젠,3390.0,5.386601562396468,📈 매수 우위,과매도 구간 기술적 반등 기대
